:020000040800F2
:1000000000500020DD4400088D22000895220008E1
:100010009D220008A5220008AD2200080000000073
:10002000000000000000000000000000B5220008F1
:10003000C122000800000000CD220008D9220008DB
:1000400025450008254500082545000825450008E8
:1000500025450008254500082545000825450008D8
:1000600025450008254500082545000825450008C8
:10007000E52200082545000825450008254500081B
:10008000F9220008254500082545000825450008F7
:100090002545000825450008254500082545000898
:1000A0002545000825450008254500082545000888
:1000B0002545000825450008254500082545000878
:1000C0002545000825450008254500082545000868
:1000D00025450008254500080D23000821230008B8
:1000E00025450008254500082545000800000000BA
:1000F0000000000000000000000000000000000000
:0C01000000000000000000005FF808F1A3
:1001100010B5054C237833B9044B13B10448AFF341
:1001200000800123237010BDD801002000000000D2
:1001300084B4000808B5034B1BB103490348AFF36F
:10014000008008BD00000000DC01002084B400082D
:10015000034613F8012B002AFBD1181A0138704707
:1001600081F0004102E000BF83F0004330B54FEA68
:1001700041044FEA430594EA050F08BF90EA020FD5
:100180001FBF54EA000C55EA020C7FEA645C7FEA68
:10019000655C00F0E2804FEA5454D4EB5555B8BF8B
:1001A0006D420CDD2C4480EA020281EA030382EAFC
:1001B000000083EA010180EA020281EA0303362D8E
:1001C00088BF30BD11F0004F4FEA01314FF4801C61
:1001D0004CEA113102D0404261EB410113F0004F73
:1001E0004FEA03334CEA133302D0524263EB43032A
:1001F00094EA050F00F0A780A4F10104D5F1200EC8
:100200000DDB02FA0EFC22FA05F2801841F1000122
:1002100003FA0EF2801843FA05F359410EE0A5F1F6
:1002200020050EF1200E012A03FA0EFC28BF4CF027
:10023000020C43FA05F3C01851EBE37101F00045DD
:1002400007D54FF0000EDCF1000C7EEB00006EEBEA
:100250000101B1F5801F1BD3B1F5001F0CD3490874
:100260005FEA30004FEA3C0C04F101044FEA4452CB
:1002700012F5800F80F09A80BCF1004F08BF5FEA52
:10028000500C50F1000041EB045141EA050130BD32
:100290005FEA4C0C404141EB0101013C28BFB1F544
:1002A000801FE9D291F0000F04BF01460020B1FA8F
:1002B00081F308BF2033A3F10B03B3F120020CDA62
:1002C0000C3208DD02F1140CC2F10C0201FA0CF040
:1002D00021FA02F10CE002F11402D8BFC2F1200CA5
:1002E00001FA02F120FA0CFCDCBF41EA0C0190405B
:1002F000E41AA2BF01EB0451294330BD6FEA0404A4
:100300001F3C1CDA0C340EDC04F11404C4F120028E
:1003100020FA04F001FA02F340EA030021FA04F3A0
:1003200045EA030130BDC4F10C04C4F1200220FAF7
:1003300002F001FA04F340EA0300294630BD21FA35
:1003400004F0294630BD94F0000F83F4801306BFFB
:1003500081F480110134013D4EE77FEA645C18BFEF
:100360007FEA655C29D094EA050F08BF90EA020F86
:1003700005D054EA000C04BF1946104630BD91EA7E
:10038000030F1EBF0021002030BD5FEA545C05D181
:100390004000494128BF41F0004130BD14F58004C0
:1003A0003CBF01F5801130BD01F0004545F0FE4134
:1003B00041F470014FF0000030BD7FEA645C1ABF69
:1003C000194610467FEA655C1CBF0B46024650EAA0
:1003D000013406BF52EA033591EA030F41F40021CC
:1003E00030BD00BF90F0000F04BF0021704730B552
:1003F0004FF4806404F132044FF000054FF0000127
:1004000050E700BF90F0000F04BF0021704730B5E7
:100410004FF4806404F1320410F0004548BF4042BC
:100420004FF000013EE700BF42004FEAE2014FEA11
:1004300031014FEA02701FBF12F07F4393F07F4FEC
:1004400081F06051704732F07F4208BF704793F0EF
:100450007F4F04BF41F40021704730B54FF4607402
:1004600001F0004521F000411CE700BF50EA010205
:1004700008BF704730B54FF000050AE050EA0102AE
:1004800008BF704730B511F0004502D5404261EB1E
:1004900041014FF4806404F132045FEA915C3FF45F
:1004A000D8AE4FF003025FEADC0C18BF03325FEAFC
:1004B000DC0C18BF033202EBDC02C2F1200300FAAD
:1004C00003FC20FA02F001FA03FE40EA0E0021FAD2
:1004D00002F11444BDE600BF70B54FF0FF0C4CF4C0
:1004E000E06C1CEA11541DBF1CEA135594EA0C0F72
:1004F00095EA0C0F00F0DEF82C4481EA030621EAAD
:100500004C5123EA4C5350EA013518BF52EA0335E7
:1005100041F4801143F4801338D0A0FB02CE4FF099
:100520000005E1FB02E506F00042E0FB03E54FF0C9
:100530000006E1FB03569CF0000F18BF4EF0010EC1
:10054000A4F1FF04B6F5007F64F5407404D25FEABD
:100550004E0E6D4146EB060642EAC62141EA555170
:100560004FEAC52040EA5E504FEACE2EB4F1FD0CB2
:1005700088BFBCF5E06F1ED8BEF1004F08BF5FEA30
:10058000500E50F1000041EB045170BD06F00046E2
:1005900046EA010140EA020081EA0301B4EB5C048F
:1005A000C2BFD4EB0C0541EA045170BD41F4801187
:1005B0004FF0000E013C00F3AB8014F1360FDEBFAC
:1005C000002001F0004170BDC4F10004203C35DA88
:1005D0000C341BDC04F11404C4F1200500FA05F30B
:1005E00020FA04F001FA05F240EA020001F00042AC
:1005F00021F0004110EBD37021FA04F642EB060122
:100600005EEA430E08BF20EAD37070BDC4F10C044B
:10061000C4F1200500FA04F320FA05F001FA04F20F
:1006200040EA020001F0004110EBD37041F10001FB
:100630005EEA430E08BF20EAD37070BDC4F1200506
:1006400000FA05F24EEA020E20FA04F301FA05F26E
:1006500043EA020321FA04F001F0004121FA04F216
:1006600020EA020000EBD3705EEA430E08BF20EAE6
:10067000D37070BD94F0000F0FD101F00046400020
:1006800041EB010111F4801F08BF013CF7D041EAA2
:10069000060195F0000F18BF704703F000465200A6
:1006A00043EB030313F4801F08BF013DF7D043EA77
:1006B0000603704794EA0C0F0CEA135518BF95EA2D
:1006C0000C0F0CD050EA410618BF52EA4306D1D1B4
:1006D00081EA030101F000414FF0000070BD50EAD3
:1006E000410606BF1046194652EA430619D094EA5D
:1006F0000C0F02D150EA013613D195EA0C0F05D147
:1007000052EA03361CBF104619460AD181EA03019A
:1007100001F0004141F0FE4141F470014FF0000052
:1007200070BD41F0FE4141F4780170BD70B54FF0ED
:10073000FF0C4CF4E06C1CEA11541DBF1CEA13556D
:1007400094EA0C0F95EA0C0F00F0A7F8A4EB05044F
:1007500081EA030E52EA03354FEA013100F0888046
:100760004FEA03334FF0805545EA131343EA12630F
:100770004FEA022245EA111545EA10654FEA0026C4
:100780000EF000419D4208BF964244F1FD0404F57D
:10079000407402D25B084FEA3202B61A65EB0305D9
:1007A0005B084FEA32024FF480104FF4002CB6EB96
:1007B000020E75EB030E22BFB61A754640EA0C0016
:1007C0005B084FEA3202B6EB020E75EB030E22BF56
:1007D000B61A754640EA5C005B084FEA3202B6EB97
:1007E000020E75EB030E22BFB61A754640EA9C0056
:1007F0005B084FEA3202B6EB020E75EB030E22BF26
:10080000B61A754640EADC0055EA060E18D04FEAE3
:10081000051545EA16754FEA06164FEAC30343EA83
:1008200052734FEAC2025FEA1C1CC0D111F4801F50
:100830000BD141EA00014FF000004FF0004CB6E749
:1008400011F4801F04BF01430020B4F1FD0C88BFE8
:10085000BCF5E06F3FF6AFAEB5EB030C04BFB6EBF3
:10086000020C5FEA500C50F1000041EB045170BDE6
:100870000EF0004E4EEA113114EB5C04C2BFD4EB13
:100880000C0541EA045170BD41F480114FF0000E97
:10089000013C90E645EA060E8DE60CEA135594EA13
:1008A0000C0F08BF95EA0C0F3FF43BAF94EA0C0F16
:1008B0000AD150EA01347FF434AF95EA0C0F7FF48B
:1008C00025AF104619462CE795EA0C0F06D152EADF
:1008D00003353FF4FDAE1046194622E750EA4106C3
:1008E00018BF52EA43067FF4C5AE50EA41047FF4D4
:1008F0000DAF52EA43057FF4EBAE12E74FF0FF3C39
:1009000006E000BF4FF0010C02E000BF4FF0010C09
:100910004DF804CD4FEA410C7FEA6C5C4FEA430C82
:1009200018BF7FEA6C5C1BD001B050EA410C0CBFD1
:1009300052EA430C91EA030F02BF90EA020F002033
:10094000704710F1000F91EA030F58BF994208BF9A
:1009500090422CBFD8176FEAE37040F00100704757
:100960004FEA410C7FEA6C5C02D150EA013C07D1AE
:100970004FEA430C7FEA6C5CD6D152EA033CD3D0F9
:100980005DF8040B704700BF8446104662468C46F3
:100990001946634600E000BF01B5FFF7B7FF002826
:1009A00048BF10F1000F01BD4DF808EDFFF7F4FF4F
:1009B0000CBF012000205DF808FB00BF4DF808EDDA
:1009C000FFF7EAFF34BF012000205DF808FB00BFFD
:1009D0004DF808EDFFF7E0FF94BF012000205DF81F
:1009E00008FB00BF4DF808EDFFF7CEFF94BF0120D4
:1009F00000205DF808FB00BF4DF808EDFFF7C4FFCD
:100A000034BF012000205DF808FB00BF4A0011D26E
:100A100012F5001211D20DD56FF47873B3EB625258
:100A20000ED44FEAC12343F0004343EA505323FA64
:100A300002F070474FF00000704750EA013002D1D9
:100A40004FF0FF3070474FF0000070474FEA41020F
:100A5000B2F1E04324BFB3F5001CDCF1FE5C0DD91C
:100A600001F0004C4FEAC0024CEA5070B2F1004F66
:100A700040EB830008BF20F00100704711F0804F69
:100A800021D113F13872BCBF01F00040704741F42E
:100A900080114FEA5252C2F11802C2F1200C10FA32
:100AA0000CF320FA02F018BF40F001004FEAC12316
:100AB0004FEAD32303FA0CFC40EA0C0023FA02F3BA
:100AC0004FEA4303CCE77FEA625307D150EA013390
:100AD0001EBF4FF0FE4040F44000704701F0004060
:100AE00040F0FE4040F40000704700BF80F000403E
:100AF00002E000BF81F0004142001FBF5FEA4103F6
:100B000092EA030F7FEA226C7FEA236C6AD04FEAF5
:100B10001262D2EB1363C1BFD2184140484041403A
:100B2000B8BF5B42192B88BF704710F0004F40F4EC
:100B3000000020F07F4018BF404211F0004F41F408
:100B4000000121F07F4118BF494292EA030F3FD0D4
:100B5000A2F1010241FA03FC10EB0C00C3F12003E7
:100B600001FA03F100F0004302D5494260EB400076
:100B7000B0F5000F13D3B0F1807F06D340084FEAE1
:100B8000310102F10102FE2A51D2B1F1004F40EBD6
:100B9000C25008BF20F0010040EA0300704749003E
:100BA00040EB0000013A28BFB0F5000FEDD2B0FADB
:100BB00080FCACF1080CB2EB0C0200FA0CF0AABFFE
:100BC00000EBC25052421843BCBFD040184370479C
:100BD00092F0000F81F4000106BF80F400000132A2
:100BE000013BB5E74FEA41037FEA226C18BF7FEA79
:100BF000236C21D092EA030F04D092F0000F08BFBB
:100C00000846704790EA010F1CBF0020704712F0A1
:100C10007F4F04D1400028BF40F00040704712F1E0
:100C200000723CBF00F50000704700F0004343F045
:100C3000FE4040F4000070477FEA226216BF08467B
:100C40007FEA23630146420206BF5FEA412390EA3E
:100C5000010F40F4800070474FF0000304E000BF34
:100C600010F0004348BF40425FEA000C08BF7047E5
:100C700043F0964301464FF000001CE050EA0102A9
:100C800008BF70474FF000030AE000BF50EA0102BE
:100C900008BF704711F0004302D5404261EB4101AB
:100CA0005FEA010C02BF84460146002043F0B643D0
:100CB00008BFA3F18053A3F50003BCFA8CF2083AF5
:100CC000A3EBC25310DB01FA02FC634400FA02FCFE
:100CD000C2F12002BCF1004F20FA02F243EB020005
:100CE00008BF20F00100704702F1200201FA02FC67
:100CF000C2F1200250EA4C0021FA02F243EB02005A
:100D000008BF20EADC7070474FF0FF0C1CEAD0529D
:100D10001EBF1CEAD15392EA0C0F93EA0C0F6FD05E
:100D20001A4480EA010C400218BF5FEA41211ED03C
:100D30004FF0006343EA501043EA5111A0FB013128
:100D40000CF00040B1F5000F3EBF490041EAD371FD
:100D50005B0040EA010062F17F02FD2A1DD8B3F179
:100D6000004F40EBC25008BF20F00100704790F0E8
:100D7000000F0CF0004C08BF49024CEA502040EA3A
:100D800051207F3AC2BFD2F1FF0340EAC250704700
:100D900040F400004FF00003013A5DDC12F1190F3E
:100DA000DCBF00F000407047C2F10002410021FAB0
:100DB00002F1C2F1200200FA02FC5FEA310040F1C8
:100DC000000053EA4C0308BF20EADC70704792F041
:100DD000000F00F0004C02BF400010F4000F013A79
:100DE000F9D040EA0C0093F0000F01F0004C02BF74
:100DF000490011F4000F013BF9D041EA0C018FE7E3
:100E00000CEAD15392EA0C0F18BF93EA0C0F0AD0E8
:100E100030F0004C18BF31F0004CD8D180EA01000E
:100E200000F00040704790F0000F17BF90F0004FA7
:100E3000084691F0000F91F0004F14D092EA0C0F89
:100E400001D142020FD193EA0C0F03D14B0218BF1C
:100E5000084608D180EA010000F0004040F0FE4062
:100E600040F40000704740F0FE4040F440007047FE
:100E70004FF0FF0C1CEAD0521EBF1CEAD15392EA7D
:100E80000C0F93EA0C0F69D0A2EB030280EA010C6D
:100E900049024FEA402037D04FF0805343EA111106
:100EA00043EA10130CF000408B4238BF5B0042F164
:100EB0007D024FF4000C8B4224BF5B1A40EA0C0009
:100EC000B3EB510F24BFA3EB510340EA5C00B3EB3B
:100ED000910F24BFA3EB910340EA9C00B3EBD10F29
:100EE00024BFA3EBD10340EADC001B0118BF5FEA7B
:100EF0001C1CE0D1FD2A3FF650AF8B4240EBC250A4
:100F000008BF20F0010070470CF0004C4CEA502064
:100F10007F32C2BFD2F1FF0340EAC250704740F4B3
:100F200000004FF00003013A37E792F0000F00F0A5
:100F3000004C02BF400010F4000F013AF9D040EA23
:100F40000C0093F0000F01F0004C02BF490011F4B7
:100F5000000F013BF9D041EA0C0195E70CEAD153AF
:100F600092EA0C0F08D142027FF47DAF93EA0C0F96
:100F70007FF470AF084676E793EA0C0F04D14B027A
:100F80003FF44CAF08466EE730F0004C18BF31F02C
:100F9000004CCAD130F000427FF45CAF31F0004326
:100FA0007FF43CAF5FE700BF4FF0FF3C06E000BFBF
:100FB0004FF0010C02E000BF4FF0010C4DF804CDE2
:100FC0004FEA40024FEA41037FEA226C18BF7FEAF2
:100FD000236C11D001B052EA530C18BF90EA010FF4
:100FE00058BFB2EB030088BFC81738BF6FEAE17083
:100FF00018BF40F0010070477FEA226C02D15FEA1F
:10100000402C05D17FEA236CE4D15FEA412CE1D08A
:101010005DF8040B704700BF844608466146FFE751
:101020000FB5FFF7C9FF002848BF10F1000F0FBD33
:101030004DF808EDFFF7F4FF0CBF012000205DF82C
:1010400008FB00BF4DF808EDFFF7EAFF34BF0120B1
:1010500000205DF808FB00BF4DF808EDFFF7E0FF4A
:1010600094BF012000205DF808FB00BF4DF808ED9B
:10107000FFF7D2FF94BF012000205DF808FB00BFFE
:101080004DF808EDFFF7C8FF34BF012000205DF8E0
:1010900008FB00BF4FEA40024FEA41037FEA226C9F
:1010A00002D15FEA402C08D17FEA236C02D15FEACB
:1010B000412C02D14FF0000070474FF00100704703
:1010C0004FEA4002B2F1FE4F0FD34FF09E03B3EB55
:1010D00012620DD94FEA002343F0004310F0004F95
:1010E00023FA02F018BF404270474FF000007047EB
:1010F00012F1610F01D1420205D110F0004008BF8A
:101100006FF0004070474FF0000070477BB972B934
:101110000029BEBF00204FF0004106E008BF0028B4
:101120001CBF6FF000414FF0FF3000F0EFB9ADF1A0
:10113000080C6DE904CE002909DB002B1ADB00F056
:101140006BF8DDF804E0DDE9022304B070474042AB
:1011500061EB4101002B1BDB00F05EF8DDF804E0E1
:10116000DDE9022304B0404261EB4101524263EBEE
:1011700043037047524263EB430300F04DF8DDF840
:1011800004E0DDE9022304B0404261EB4101704715
:10119000524263EB430300F03FF8DDF804E0DDE981
:1011A000022304B0524263EB4303704738B5002278
:1011B000002304460D46FFF701FC28B920462946C6
:1011C000BDE8384000F00AB8204605F1004100F0C3
:1011D00005F8404261EB410138BD00BFD0B50022A7
:1011E0000B4B06460F46FFF777F9FFF70FFC044657
:1011F000FFF7F8F80022074BFFF76EF902460B469F
:1012000030463946FEF7B0FFFFF700FC2146D0BD5F
:101210000000F03D0000F0412DE9F047089D0F4629
:1012200004468E46002B48D18A42164661D9B2FA4E
:1012300082F24AB1C2F1200301FA02FE20FA03F35E
:10124000964043EA0E0E94404FEA164CBEFBFCF16A
:10125000B7B20CFB11EE01FB07F0230C43EA0E437F
:10126000984209D9F31801F1FF3E80F0ED809842D1
:1012700040F2EA80023933441B1AB3FBFCF00CFB4A
:10128000103300FB07F7A4B244EA0344A74209D98C
:10129000341900F1FF3380F0D980A74240F2D680A4
:1012A0003444023840EA01400021E41B1DB1002310
:1012B000D440C5E90043BDE8F0878B4206D90DB1A3
:1012C000C5E9000100210846BDE8F087B3FA83F1C3
:1012D000002947D1BB4202D3824200F20481841A22
:1012E00067EB030201209646002DE4D0C5E9004ECD
:1012F000E1E7002A00F09080B2FA82F2002A40F082
:10130000A780881B0121370C1FFA86FEB0FBF7FC73
:1013100007FB1C00230C43EA00430EFB0CF0984231
:1013200007D9F3180CF1FF3802D2984200F2E0809E
:10133000C4461B1AB3FBF7F007FB10330EFB00FE8D
:10134000A4B244EA0344A64507D9341900F1FF3397
:1013500002D2A64500F2C9801846A4EB0E0440EA6A
:101360000C40A3E7C1F120068B4022FA06FC4CEAB0
:10137000030C27FA06FA4FEA1C49BAFBF9F88F402A
:1013800020FA06F309FB18AA1FFA8CFE3B4300FA69
:1013900001F708FB0EF01C0C44EA0A44A04202FAD2
:1013A00001F20BD91CEB040408F1FF3A80F099809C
:1013B000A04240F29680A8F102086444241A98B230
:1013C000B4FBF9F309FB134403FB0EFE40EA0444AB
:1013D000A64508D91CEB040403F1FF307FD2A645D3
:1013E0007DD9023B644443EA0840A4EB0E04A0FB11
:1013F000028E74454346F14661D35ED055B1FA1A68
:1014000064EB090404FA06F622FA01F31E43CC4009
:10141000C5E9006400214EE743084FEA510C43EA56
:10142000C1710A0C42EA0C428BB2C407B2FBF6F15E
:1014300043EA0243BCFBF6FCB646304637461F2261
:10144000181A41EA0C4161E7714615E7184629E789
:10145000C2F1200321FA03F0964024FA03F39740E7
:101460003B43370CB0FBF7F807FB18001FFA86FE6A
:10147000190C41EA004108FB0EF0884204FA02F41C
:101480003AD9711808F1FF3C01D288421ED8091AD6
:10149000B1FBF7F808FB0EF007FB18119BB243EA0B
:1014A000014383422FD2F31808F1FF31C8D283429F
:1014B000C6D2A8F102013344C2E747459ED2B8EB39
:1014C00002036EEB0C0E0138F14697E7301A014427
:1014D000A8F1020CB1FBF7F808FB0EF0DCE70346BD
:1014E00081E7D0466AE70846FEE63444023834E72E
:1014F000ACF1020C33441CE7091AC446B1FBF7F8FF
:1015000008FB0EF0C8E741469AE700BF704700BFEE
:1015100080B582B000AF104B5B690F4A43F0010306
:1015200053610D4B5B6903F001037B607B68002214
:1015300000210C2003F046F90C2003F06FF9002283
:101540000021102003F03EF9102003F067F900BFDE
:101550000837BD4680BD00BF0010024080B588B08E
:1015600000AF07F1100300221A605A609A60DA6037
:10157000244B9B69234A43F010039361214B9B69E1
:1015800003F01003FB60FB681E4B9B691D4A43F090
:10159000200393611B4B9B6903F02003BB60BB6876
:1015A000184B9B69174A43F004039361154B9B69E1
:1015B00003F004037B607B68124B9B69114A43F084
:1015C000080393610F4B9B6903F008033B603B6882
:1015D00000224FF400510C4803F012FF4FF4005367
:1015E0003B6101237B610023BB610223FB6107F1A7
:1015F00010031946044803F095FC00BF2037BD4690
:1016000080BD00BF001002400010014080B584B0D2
:1016100000AFF860B9607A607B689AB26423B968F9
:10162000064804F067FD0346002B01D07B6800E00C
:101630007B6818461037BD4680BD00BF28050020D6
:1016400080B584B000AFF860B9607A600D4B1B784C
:10165000002B13D10C4ABB6813600C4A7B681360E3
:10166000084B01221A70F868FEF772FD03469BB220
:101670001A46F968064804F0EDFD00E000BF103797
:10168000BD4680BD180500201C0500202005002057
:10169000B805002090B583B000AF78607B681B6808
:1016A0000D4A934213D10D4B1B6801330B4A136053
:1016B0000B4B1C7802F090FF03461A46214609485E
:1016C00002F040FE01220649074804F09EFD00BFDB
:1016D0000C37BD4690BD00BF00440040F80100201B
:1016E000F4010020FC0100207005002090B583B0BB
:1016F00000AF78607B681B681D4A934233D11D4B55
:101700001B78032B2AD0032B2CDC012B02D0022BBD
:1017100012D027E0174B02221A70174B1C68164B89
:101720001B681846FEF714FD03469BB21A46214675
:10173000124804F08FFD16E00E4B03221A70104B76
:101740001C680F4B1B681846FEF702FD03469BB250
:101750001A462146094804F07DFD04E0054B0022AD
:101760001A7000E000BF00BF0C37BD4690BD00BF3F
:1017700000480040180500201C050020B805002086
:101780002005002080B586B000AF78607B681B68BC
:101790001B4A934225D100237B617B681B681B6831
:1017A0007B617B681B685B687B617B6900233B61B5
:1017B0007B681B681B683B617B681B685B683B61DF
:1017C0003B690023FB607B681B681B68FB607B68D0
:1017D0001B685B68FB60FB6801220A490A4804F049
:1017E00014FD7B681B68094A934205D1084804F040
:1017F000A1FD084B00221A7000BF1837BD4680BDFE
:1018000000440040F4010020700500200048004022
:10181000B8050020180500202DE9F041B6B00EAF44
:1018200002F082FE00F0AAFCFFF798FEFFF770FEC0
:1018300000F02CFE00F054FE00F07CFEB64802F0F2
:101840007BFC0422B549B64800F0C2FFB54802F05F
:1018500087FA0122B449B54804F0D7FC02F0BCFE77
:101860000346B34A1360B34806F06AFBB24806F079
:1018700067FBB24806F064FB0421B14806F0F8FAB1
:101880000023C7F89C30A1E0A449D7F89C20134658
:101890005B0013449B000B441B68AA491846FFF7E2
:1018A00033FA03464FF07C511846FFF725F90346FB
:1018B0001846FFF705FC03463B679849D7F89C207C
:1018C00013465B0013449B000B4404331B689D4983
:1018D0001846FFF719FA03464FF07C511846FFF7F8
:1018E0000BF903461846FFF7EBFB0346FB668B49F3
:1018F000D7F89C2013465B0013449B000B4408332D
:101900001B6890491846FFF7FFF903464FF07C51DA
:101910001846FFF7F1F803461846FFF7D1FB0346D8
:10192000BB66D7F89C3003F1010C3B6F864A82FB03
:1019300003125211DB17A2EB030E3B6F002BB8BF53
:101940005B42814A82FB03125111DA17881A642222
:1019500000FB02F2981AFB6E7B4A82FB03125211C3
:10196000DB17D41AFB6E83EAE372A2EBE372764BC9
:1019700083FB02135911D317CB1A642101FB03F324
:10198000D31ABA6E704981FB02514911D2178D1AD0
:10199000BA6E82EAE271A1EBE2716B4A82FB0162EC
:1019A0005611CA17B21A642606FB02F28A1A03926B
:1019B000029501930094034672466146634806F01F
:1019C00057FAD7F89C300133C7F89C30D7F89C30D1
:1019D000032B7FF759AF4FF496635D4A5D495E482C
:1019E00006F046FA5D4806F0ABFA02F0F5FDC7F8DE
:1019F00098005B4B1B68D7F89820D31A132B40F242
:101A00007383574AD7F89830136007F15801D7F815
:101A100098300422404802F009FD07F15801D7F838
:101A20009830504A3E4801F0F1FBC7F89400D7F8CF
:101A30009430002B40F374824B4B1B6801334A4AAD
:101A4000136007F1500107F1540207F140030393BB
:101A500007F14403029307F14803019307F14C0394
:101A600000930B46D7F898102D4801F01BFD7B6DB5
:101A70007A6D11461846FFF7DBFA0346002B3ED07D
:101A80007B6D4FF000011846FFF73EF903464FF01B
:101A900000011846FFF7CCFA0346002B2FD03B6D10
:101AA0003A6D11461846FFF7C3FA0346002B26D0BD
:101AB0003B6D4FF000011846FFF726F903464FF043
:101AC00000011846FFF7B4FA0346002B17D0FB6C51
:101AD000FA6C11461846FFF7ABFA0346002B0ED0FE
:101AE000FB6C4FF000011846FFF70EF903464FF06C
:101AF00000011846FFF79CFA0346002B3AD1042256
:101B00000649074800F064FE184B00221A60184886
:101B100006F016FA40E000BFFC0100208CB9000876
:101B20008002002080030020F401002070050020C6
:101B300014050020A0B40008CCB40008FCB40008D0
:101B400028B500080000C8421F85EB5138B50008D1
:101B500088B6E746F855241360B5000888B5000834
:101B6000040500206002002008050020F804002081
:101B7000A4B500087B6D624A13603B6D614A136037
:101B8000FB6C614A1360BB6C604A13607B6C604AFB
:101B90001360604B01221A60594B1868594B196841
:101BA000594B1A6807F13403049307F13803039380
:101BB00007F13C0302934FF496630193564B009355
:101BC000564B02F019F84E4B1B6855491846FFF763
:101BD0009BF803461C464A4B1B684FF00001184611
:101BE000FFF744FA0346002B02D04FF07C5301E08C
:101BF0004FF03F4321461846FEF77EFF0346184646
:101C0000FFF75EFA0346C7F890303E4B1B68444925
:101C10001846FFF779F803461C463A4B1B684FF00D
:101C200000011846FFF722FA0346002B02D04FF0BE
:101C30007C5301E04FF03F4321461846FEF75CFF1E
:101C400003461846FFF73CFA0346C7F88C302E4B84
:101C50001B6833491846FFF757F803461C462A4BC2
:101C60001B684FF000011846FFF700FA0346002BEF
:101C700002D04FF07C5301E04FF03F43214618461D
:101C8000FEF73AFF03461846FFF71AFA0346C7F86D
:101C900088301E4B1B6822491846FFF735F803466B
:101CA0001C461A4B1B684FF000011846FFF7DEF97F
:101CB0000346002B02D04FF07C5301E04FF03F432E
:101CC00021461846FEF718FF03461846FFF7F8F9B5
:101CD0000346C7F884300E4B1B6811491846FFF7BE
:101CE00013F803461C460A4B1B684FF000011846C8
:101CF000FFF7BCF90346002B14D04FF07C5313E0E0
:101D0000E8040020EC04002000000020F004002083
:101D1000F4040020F804002088B6E746F8552413A0
:101D20000000C8424FF03F4321461846FEF7E4FE4C
:101D300003461846FFF7C4F90346C7F88030D7F8C2
:101D40009830724AA2FB03234FEA931ED7F89030D3
:101D50006F4A82FB03125211DB17A2EB0308D7F87C
:101D60009030002BB8BF5B42694A82FB03125111CD
:101D7000DA17A1EB020C642202FB0CF2A3EB020CBB
:101D8000D7F88C30624A82FB03125211DB17D31A48
:101D90007B62D7F88C30002BB8BF5B425C4A82FB79
:101DA00003125111DA178C1A642204FB02F29C1AF6
:101DB000D7F88830564A82FB03125211DB17D21A29
:101DC0003A62D7F88830002BB8BF5B42504A82FB9A
:101DD00003125111DA178D1A642205FB02F29D1AC3
:101DE000D7F884304A4A82FB03125211DB17D11A0A
:101DF000F961D7F88430002BB8BF5B42444A82FBBC
:101E000003125111DA178E1A642206FB02F29E1A8F
:101E1000D7F880303E4A82FB03125211DB17D01AEA
:101E2000B861D7F88030002BB8BF5B42384A82FBDC
:101E300003125111DA178A1A1146642201FB02F2C9
:101E40009B1A7B61FB6B334A82FB03129215DB17F3
:101E5000D21A3A61F96B2F4B83FB01239A15CB17EA
:101E6000D31A2D4A02FB03F3CB1A83EAE371A1EBE9
:101E7000E371F960B96B274B83FB01239A15CB17EC
:101E8000D11AB960B96B234B83FB01239A15CB1789
:101E9000D31A214A02FB03F3CB1A83EAE370A0EBC7
:101EA000E3707860796B194B83FB01239A11CB1790
:101EB000D01A796B154B83FB01239A11CB17D31AD8
:101EC0004FF47A7202FB03F3CB1A002BB8BF5B42CC
:101ED0000D930C9078680B90B8680A90F968099196
:101EE0003A6908927B690793B86906900596F96983
:101EF000049103953A6A029201947B6A00936346C7
:101F000042467146054805F0B3FF16E0D34D621016
:101F10001F85EB516BCA5F6B80969800C8B50008AF
:101F2000D7F89810714802F041FA0346022B04DDFD
:101F30006F4B1B6801336E4A13606E4B1B68D7F8FA
:101F40009820D31AC72B40F28A806A4AD7F8983073
:101F50001360694B1B78002B40F0818007F12C0146
:101F600007F1300207F1280300930B46D7F89810C9
:101F7000624801F007FB624B1868624B1C68624BB9
:101F80001D68624B1B68624A1268D7F89810614E50
:101F9000A6FB01618909604E08960C26079601266A
:101FA000069605914FF4966104915C4903915C4952
:101FB0000291019200932B4622460146594801F0B6
:101FC000E3FE584802F096F8F867564802F09CF88D
:101FD000B867544802F0A3F878677A6FB96FF86F62
:101FE000FFF72EFB504B1B6801334F4A13604F4BDA
:101FF0001B6801334D4A13604B4B1B68012B0ED1FC
:102000004B4805F09DFFF96F4A4805F031FFB96F65
:10201000484805F02DFF796F474805F029FF424BEE
:102020001968464BA3FB0123DA0813469B001344AF
:102030009A001344CA1A002A11D13B4B1C683D6B0D
:10204000FE6ABB6A1846FEF7EFF902460B46CDE979
:10205000002333462A462146394805F009FF394B0B
:102060001B68D7F89820D31A41F2873293427FF643
:10207000BCAC344AD7F898301360334805F060FFA1
:10208000324B1B681A4A12681946314805F0F0FEB7
:10209000264B1B68184A127819462E4805F0E8FEB0
:1020A0002D4B1C68D7F89810104802F07FF90346B2
:1020B0001A462146294805F0DBFE294B1B68294AB0
:1020C00012681946284805F0D3FE284B1B68002BE0
:1020D00006D02749274805F0CBFE244B00221A6082
:1020E000254805F02DFF80E400BF7EE4FC010020C0
:1020F0000C050020000500201805002080020020AB
:10210000E8040020EC04002000000020F00400207F
:10211000F4040020D34D62106666663F88B6E74639
:10212000F855241380030020FC0400201005002033
:1021300028B6000848B6000850B600081F85EB51C5
:102140005CB600081405002090B6000808050020C1
:10215000A8B60008D0B60008F8010020F4B60008C0
:10216000D0060020D40600201CB70008CC060020B2
:102170008C06002038B7000848B7000880B590B03A
:1021800000AF07F1180328220021184605F0ECFFE4
:102190003B1D00221A605A609A60DA601A610123BE
:1021A000BB614FF48033FB6100233B620123BB62C0
:1021B00002237B634FF48033BB634FF4E013FB6374
:1021C00007F11803184603F047F90346002B01D026
:1021D00000F019F80F237B600223BB600023FB6033
:1021E0004FF480633B6100237B613B1D0221184655
:1021F00003F0A0FC0346002B01D000F004F800BF60
:102200004037BD4680BD80B400AF72B600BF00BF8E
:10221000FDE780B483B000AF7860396000BF0C3751
:10222000BD4680BC7047000080B485B000AF154B40
:102230009B69144A43F001039361124B9B6903F0BD
:102240000103BB60BB680F4BDB690E4A43F0805350
:10225000D3610C4BDB6903F080537B607B680A4BD6
:102260005B68FB60FB6823F0E063FB60FB6843F0A6
:102270000073FB60044AFB68536000BF1437BD461F
:1022800080BC7047001002400000014080B400AFE5
:1022900000BFFDE780B400AF00BFFDE780B400AF32
:1022A00000BFFDE780B400AF00BFFDE780B400AF22
:1022B00000BFFDE780B400AF00BFBD4680BC7047E3
:1022C00080B400AF00BFBD4680BC704780B400AF93
:1022D00000BFBD4680BC704780B500AF02F06AF910
:1022E00000BF80BD80B500AF024802F0DDFC00BF3A
:1022F00080BD00BF4406002080B500AF024802F058
:10230000D3FC00BF80BD00BF0006002080B500AF39
:10231000024804F077F800BF80BD00BF70050020C0
:1023200080B500AF024804F06DF800BF80BD00BF6B
:10233000B805002080B400AF01231846BD4680BC1C
:10234000704780B582B000AF7860396005F07AFFE1
:10235000034616221A604FF0FF3318460837BD4671
:1023600080BD80B582B000AF78604FF0FF317868F3
:10237000FFF7E7FF00BFFDE780B586B000AFF8606C
:10238000B9607A6000237B610AE0AFF30080014608
:10239000BB685A1CBA60CAB21A707B6901337B6190
:1023A0007A697B689A42F0DB7B6818461837BD462D
:1023B00080BD80B483B000AF78604FF0FF33184623
:1023C0000C37BD4680BC704780B483B000AF7860E6
:1023D00039603B684FF400525A60002318460C37AE
:1023E000BD4680BC704780B483B000AF78600123E5
:1023F00018460C37BD4680BC704780B485B000AF2E
:10240000F860B9607A60002318461437BD4680BC76
:102410007047000080B586B000AF7860144A154B55
:10242000D31A7B617B693B61134B1B68002B02D184
:10243000114B124A1A60104B1A687B6813443A69B0
:102440009A4207D205F0FEFE03460C221A604FF0B6
:10245000FF3309E0084B1B68FB60074B1A687B6879
:102460001344054A1360FB6818461837BD4680BD03
:10247000005000200004000024050020280800204F
:1024800080B400AF00BFBD4680BC704780B500AFD0
:10249000114B124A1A60104B4FF4E1325A600E4B46
:1024A00000229A600C4B0022DA600B4B00221A616A
:1024B000094B0C225A61084B00229A61064B0022FC
:1024C000DA61054803F06AFD0346002B01D0FFF7EF
:1024D0009AFE00BF80BD00BF2805002000380140E3
:1024E00080B500AF114B124A1A60104B4FF4E13225
:1024F0005A600E4B00229A600C4B0022DA600B4BA4
:1025000000221A61094B0C225A61084B00229A6181
:10251000064B0022DA61054803F040FD0346002B1C
:1025200001D0FFF770FE00BF80BD00BF7005002026
:102530000044004080B500AF114B124A1A60104BA6
:102540004FF461425A600E4B00229A600C4B0022FD
:10255000DA600B4B00221A61094B0C225A61084BBE
:1025600000229A61064B0022DA61054803F016FD4D
:102570000346002B01D0FFF746FE00BF80BD00BF21
:10258000B80500200048004080B58CB000AF7860EE
:1025900007F1200300221A605A609A60DA607B68B3
:1025A0001B68814A934232D1804B9B697F4A43F436
:1025B000804393617D4B9B6903F48043FB61FB691E
:1025C0007A4B9B69794A43F004039361774B9B698B
:1025D00003F00403BB61BB694FF400733B62022349
:1025E0007B620323FB6207F120031946704802F067
:1025F00099FC4FF480633B6200237B620023BB6243
:1026000007F1200319466A4802F08CFCC8E07B6899
:102610001B68684A93425ED1644BDB69634A43F4AA
:102620000033D361614BDB6903F400337B617B6969
:102630005E4B9B695D4A43F0040393615B4B9B696E
:1026400003F004033B613B6904233B6202237B628A
:102650000323FB6207F120031946554802F062FC90
:1026600008233B6200237B620023BB6207F1200347
:1026700019464F4802F056FC4F4B504A1A604E4BD9
:1026800000225A604C4B00229A604B4B8022DA6049
:10269000494B00221A61484B00225A61464B2022C6
:1026A0009A61454B0022DA61434802F0DBF80346A9
:1026B000002B01D0FFF7A7FD7B683F4ADA633E4A53
:1026C0007B68536200220021262002F07BF826203E
:1026D00002F0A4F864E07B681B68394A93425FD13A
:1026E000324BDB69314A43F48023D3612F4BDB69E2
:1026F00003F48023FB60FB682C4B9B692B4A43F05F
:1027000008039361294B9B6903F00803BB60BB6816
:102710004FF480633B6202237B620323FB6207F179
:1027200020031946274802F0FDFB4FF400633B628B
:1027300000237B620023BB6207F120031946214876
:1027400002F0F0FB204B214A1A601F4B10225A6006
:102750001D4B00229A601C4B8022DA601A4B00222B
:102760001A61194B00225A61174B00229A61164BCD
:102770000022DA61144802F075F80346002B01D0FC
:10278000FFF741FD7B68104A9A630F4A7B685362EA
:1027900000220021272002F015F8272002F03EF841
:1027A00000BF3037BD4680BD0038014000100240F8
:1027B0000008014000440040000600206C00024078
:1027C00000480040000C0140440600201C0002406C
:1027D00080B58AB000AFF860B9607A604FF480725B
:1027E0000021F86805F0C0FCFB68BA681A60FB6855
:1027F0007A685A60FB684FF08242C3F8D820FB68C1
:102800004FF07C52C3F8DC20FB685B4AC3F8E02041
:10281000FB684FF08342C3F8E420FB68574AC3F8D3
:10282000E820FB68C822C3F8EC20FB684FF49672DE
:10283000C3F8F0204FF000037B624FF000033B62CF
:102840000023FB6120E0FA6913465B0013449B0000
:102850001A46BB6813441B681946786AFEF74CF9A0
:1028600003467B62FA6913465B0013449B001A46D9
:10287000BB6813445B681946386AFEF73DF90346A6
:102880003B62FB690133FB61FA697B689A42DADBE0
:102890007B68002B13DD7868FEF7E2F903461946E2
:1028A000786AFEF7E5FA03467B627868FEF7D8F9A6
:1028B00003461946386AFEF7DBFA03463B62FB68BB
:1028C0007A6A9A60FB683A6ADA60FB684FF07E5277
:1028D0001A61FB684FF00002DA61FB68DA69FB6895
:1028E0009A61FB689A69FB685A610023BB6118E032
:1028F00000237B610FE0F968BA6913465B0013445B
:102900005B007A69134408334FF0000241F823203A
:102910007B6901337B617B69052BECDDBB6901338E
:10292000BB61BB69052BE3DDFB68154A9A65FB6853
:102930009A6DFB68DA63FB68DA6BFB681A62FB6806
:102940004FF08142C3F8AC20FB68D3F8AC20FB68A1
:10295000C3F89020FB68D3F89020FB685A67FB68A7
:102960000022C3F8B020FB680022C3F8B42000BFE7
:102970002837BD4680BD00BF0AD7233D9A99193E2E
:102980000000C841B0B592B000AF786039604FF038
:1029900000013868FEF760FB0346002B40F0D6814B
:1029A0007B689C687B685B6939681846FEF7ACF900
:1029B000034619462046FEF79FF803461A467B68F1
:1029C0009A607B68DC687B689B6939681846FEF70B
:1029D0009BF9034619462046FEF78EF803461A4631
:1029E0007B68DA607B681C697B68DB69396818463C
:1029F000FEF78AF9034619462046FEF77DF803469E
:102A00001A467B681A617B682033BB6300237B64B2
:102A100052E0BB6B7A6C53F82240BB6B48337A6C44
:102A200053F8223039681846FEF76EF90346194606
:102A30002046FEF761F803461946BB6B7A6C43F8F3
:102A40002210BB6B18337A6C53F82250BB6B603387
:102A50007A6C53F8223039681846FEF755F9034668
:102A60001A46BB6B03F1180411462846FEF744F8DA
:102A700003461A467B6C44F82320BB6B30337A6CD8
:102A800053F82250BB6B78337A6C53F82230396894
:102A90001846FEF739F903461A46BB6B03F13004BA
:102AA00011462846FEF728F803461A467B6C44F880
:102AB00023207B6C01337B647B6C052BA9DD002319
:102AC0003B6471E03A6C13465B001344DB001A462A
:102AD000BB6B13441D683A6C13465B001344DB0068
:102AE0001A46BB6B1344DB6839681846FEF70CF9CD
:102AF000034619463A6C13465B001344DB001A4642
:102B0000BB6B9C182846FDF7F7FF034623603A6C21
:102B100013465B001344DB001A46BB6B13445D682D
:102B20003A6C13465B001344DB001A46BB6B13443C
:102B30001B6939681846FEF7E7F8034619463A6CF0
:102B400013465B001344DB001A46BB6B9C182846F7
:102B5000FDF7D2FF034663603A6C13465B001344F3
:102B6000DB001A46BB6B13449D683A6C13465B004E
:102B70001344DB001A46BB6B13445B693968184683
:102B8000FEF7C2F8034619463A6C13465B0013443D
:102B9000DB001A46BB6B9C182846FDF7ADFF0346C9
:102BA000A3603B6C01333B643B6C052B8ADD3968C9
:102BB0003868FEF7A9F803467B633968786BFEF73F
:102BC000A3F803463B63634B07F10C041D460FCD8E
:102BD0000FC495E8030084E803000023FB63B0E022
:102BE000FB6B012B03DC7B68D3F8D83002E07B68F9
:102BF000D3F8DC30FB62FB6BDB0048333B4453F81B
:102C00003C3CBB62FB6BDB0048333B4453F8383C35
:102C10007B62BA6A13465B001344DB001A46BB6B47
:102C20001344BA6A53F82250396BF86AFEF76CF80D
:102C3000034649491846FEF71BF903461946BA6A86
:102C400013465B001344DB001A46BB6B9C182846F6
:102C5000FDF752FF03461A46BB6A44F82320BA6ABE
:102C600013465B001344DB001A46BB6B13447A6ABD
:102C700053F82250796BF86AFEF746F803464FF096
:102C800080411846FEF7F4F803461946BA6A13461F
:102C90005B001344DB001A46BB6B9C182846FDF70B
:102CA0002BFF03461A467B6A44F823207A6A1346B0
:102CB0005B001344DB001A46BB6B1344BA6A53F83B
:102CC0002250796BF86AFEF71FF803464FF08041F7
:102CD0001846FEF7CDF8034619467A6A13465B009C
:102CE0001344DB001A46BB6B9C182846FDF704FF13
:102CF00003461A46BB6A44F823207A6A13465B00EF
:102D00001344DB001A46BB6B13447A6A53F8225013
:102D10003968F86AFDF7F8FF034619467A6A1346E0
:102D20005B001344DB001A46BB6B9C182846FDF77A
:102D3000E3FE03461A467B6A44F82320FB6B01330B
:102D4000FB63FB6B022B7FF74BAF00E000BF483704
:102D5000BD46B0BD4CB7000800004040B0B5AAB0B9
:102D600000AFF860B9607A60FB689868FB68196822
:102D7000BA6813465B0013449B000B441B6819465A
:102D8000FDF7B8FE0346C7F88830FB68D868FB68D3
:102D90001968BA6813465B0013449B000B445B68D8
:102DA0001946FDF7A7FE0346C7F88430FB6818698B
:102DB000FB681968BA6813465B0013449B000B4418
:102DC0009B681946FDF796FE0346C7F88030D7F892
:102DD0008810D7F88800FDF797FF03461C46D7F800
:102DE0008410D7F88400FDF78FFF0346194620466C
:102DF000FDF782FE03461C46D7F88010D7F8800006
:102E0000FDF782FF034619462046FDF775FE03468F
:102E1000184607F0ADF9F867A549F86FFEF712F903
:102E20000346002B01D00023ECE1F96FD7F88800AE
:102E3000FEF71EF80346BB67F96FD7F88400FEF76C
:102E400017F803467B67F96FD7F88000FEF710F894
:102E500003463B67FB682033FB660023C7F8A430BA
:102E600045E0D7F8A42013465B001344DB001A4664
:102E7000FB6E13441B68B96F1846FDF745FF034608
:102E80001C46D7F8A42013465B001344DB001A4607
:102E9000FB6E13445B68796F1846FDF735FF0346F8
:102EA00019462046FDF728FE03461C46D7F8A42005
:102EB00013465B001344DB001A46FB6E13449B6809
:102EC000396F1846FDF720FF034619462046FDF7E7
:102ED00013FE03461A46D7F8A4309B00A8333B44A0
:102EE00043F8642CD7F8A4300133C7F8A430D7F8DE
:102EF000A430052BB5DD7B6CB96F1846FDF704FFD8
:102F000003461C46BB6C796F1846FDF7FDFE034671
:102F100019462046FDF7F0FD03461C46FB6C396F51
:102F20001846FDF7F1FE034619462046FDF7E4FD7D
:102F300003461A46FB68D3F8E03019461046FDF701
:102F4000DBFD0346BB665B49B86EFEF77BF80346C4
:102F5000002B01D0002355E1F96F7868FDF7CAFD19
:102F600003467B66796E786EFDF7CEFE03461C46FF
:102F7000FB68D3F8E430B96E1846FDF7C5FE03468A
:102F800019462046FEF77CF80346002B01D00023AB
:102F900038E1B96E4FF07E50FDF76AFF03463B669D
:102FA0000023C7F8A03036E0D7F8A0309B00A83344
:102FB0003B4453F8643C396E1846FDF7A5FE0346C2
:102FC0001A46D7F8A0309B00A8333B4443F87C2C2A
:102FD000FB68D7F8A020023253F82240D7F8A0307F
:102FE0009B00A8333B4453F87C3C796E1846FDF7B0
:102FF0008BFE034619462046FDF77EFD0346194623
:10300000FB68D7F8A020023243F82210D7F8A0308E
:103010000133C7F8A030D7F8A030052BC4DD00235A
:10302000C7F89C3038E0FB6ED7F89C2053F822306C
:10303000B96F1846FDF768FE03461C46FB6E183351
:10304000D7F89C2053F82230796F1846FDF75CFEC4
:10305000034619462046FDF74FFD03461C46FB6E0E
:103060003033D7F89C2053F82230396F1846FDF7DB
:103070004BFE034619462046FDF73EFD03461A4621
:10308000D7F89C309B00A8333B4443F8942CD7F8E6
:103090009C300133C7F89C30D7F89C30052BC2DD3B
:1030A0000023C7F8983048E00023C7F894303BE08D
:1030B0006F12833A5F708930D7F8982013465B000F
:1030C0001344DB001A46FB6E1344D7F8942053F8E0
:1030D0002250D7F898309B00A8333B4453F87C2CFF
:1030E000D7F894309B00A8333B4453F8943C1946DE
:1030F0001046FDF709FE03461946D7F898201346F7
:103100005B001344DB001A46FB6E9C182846FDF753
:10311000F1FC03461A46D7F8943044F82320D7F838
:1031200094300133C7F89430D7F89430052BC3DDC1
:10313000D7F898300133C7F89830D7F89830052B76
:10314000B2DD0023C7F8903057E0D7F89030013354
:10315000C7F88C3048E0D7F8902013465B00134442
:10316000DB001A46FB6E1344D7F88C2053F822007C
:10317000D7F88C2013465B001344DB001A46FB6E25
:103180001344D7F8902053F822301946FDF7B4FCC9
:1031900003464FF07C511846FDF7B6FD0346FB652C
:1031A000D7F88C2013465B001344DB001A46FB6EF5
:1031B0001A44D7F89030F96D42F82310D7F89010E0
:1031C0000B465B000B44DB001946FB6E0B44D7F843
:1031D000901052F82110D7F88C2043F82210D7F81D
:1031E0008C300133C7F88C30D7F88C30052BB2DD2A
:1031F000D7F890300133C7F89030D7F89030052BCE
:10320000A3DD01231846A837BD46B0BD80B598B0F0
:1032100000AFF860B9607A603B600023FB65002373
:10322000BB6540E0BB6D9B00BA6813441B684FF060
:1032300000011846FDF710FF0346002B2BD1BB6D94
:103240009B00BA6813441B6894491846FDF70EFFAB
:103250000346002B1FD1BB6D9B007A6813441B688B
:10326000FB63FB68BA6D2E3253F82230FA6B9A4238
:1032700013D03A68FB6BD21AFB68D3F8EC309A4251
:103280000DD2FB6D5A1CFA659B0060333B44BA6D4E
:1032900043F8502C04E000BF02E000BF00E000BF94
:1032A000BB6D0133BB65FB685B68BA6D9A4202DA9D
:1032B000BB6D072BB6DD01237B6539E07B6D9B0081
:1032C00060333B4453F8503C3B637B6D013B3B65B3
:1032D0000FE03B6D591C3B6D9B0060333B4453F842
:1032E000502C8B0060333B4443F8502C3B6D013B2A
:1032F0003B653B6D002B10DB3B6D9B0060333B441B
:1033000053F8503C9B007A6813441A683B6B9B004F
:1033100079680B441B689A42DBD83B6D01339B00F4
:1033200060333B443A6B43F8502C7B6D01337B6533
:103330007A6DFB6D9A42C1DBFB68D3F8B030002B8D
:1033400011D1FB6D002B0CDDFB680122C3F8B0200E
:103350003B699B007A6813441A68FB68C3F8B42081
:1033600001E0002396E00023FB640023BB6460E0DF
:10337000BB6C9B0060333B4453F8503CBB63BB6B5E
:103380009B007A6813441B687B634FF000037B64E7
:10339000FB68D3F8B4307A6B9A420ED9FB68D3F845
:1033A000B4307A6BD31A1846FDF756FC03463C49F5
:1033B0001846FDF75DFD03467B644FF07C51786C49
:1033C000FDF75EFE0346002B02D04FF07C537B647A
:1033D000796CF868FFF7D6FAFB687A6BC3F8B4200B
:1033E000BB6B9B00BA6813441B681A46B96BF8683C
:1033F000FFF7B4FC0346002B0BD0FB6C0133FB64DE
:10340000FB680022C3F8F820FB687A6BC3F8F4204D
:1034100006E0FB68D3F8F8305A1CFB68C3F8F820C4
:10342000FB68BA6B2E32796B43F82210BB6C013308
:10343000BB64BA6CFB6D9A429ADBFB68FA6DC3F809
:10344000FC20FB68D3F8B4303A689A4221D9FB6873
:10345000D3F8B4303A68D31A1846FDF7FDFB03469B
:103460000F491846FDF704FD03463B644FF07C51BD
:10347000386CFDF705FE0346002B02D04FF07C535D
:103480003B64396CF868FFF77DFAFB683A68C3F86B
:10349000B420FB6C18466037BD4680BD0000484232
:1034A00000007A4490B587B000AFF860B9607A60E8
:1034B0003B604FF000037B61FB68D3F8B430BA681F
:1034C0009A420ED9FB68D3F8B430BA68D31A1846BA
:1034D000FDF7C2FB03462A491846FDF7C9FC03461F
:1034E0007B614FF07C517869FDF7CAFD0346002BE4
:1034F00002D04FF07C537B61FB689C68FB685B6982
:1035000079691846FDF700FC034619462046FDF789
:10351000F3FA03461A467B681A60FB68DC68FB68AE
:103520009B6979691846FDF7EFFB0346194620466B
:10353000FDF7E2FA03461A463B681A60FB681C690D
:10354000FB68DB6979691846FDF7DEFB034619461F
:103550002046FDF7D1FA03461A46BB6A1A60FB689B
:103560005A69FB6A1A60FB689A693B6B1A60FB68D0
:10357000DA697B6B1A6000BF1C37BD4690BD00BF87
:1035800000007A4480B58CB000AFF860B9607A6012
:103590003B600023FB620023BB6216E0FB68BA6A53
:1035A0002E3253F82230002B0CD0FB68BA6A2E3230
:1035B00053F82230BA68D31AB3F5967F02D2FB6A69
:1035C0000133FB62BB6A0133BB62FB685B68BA6AAA
:1035D0009A4202DABB6A072BE0DDFB681A6AFB68D5
:1035E000DB6B19461046FDF787FA03463B624FF046
:1035F0000001386AFDF744FD0346002B04D0386A09
:1036000006F0B6FD034601E04FF00003FB61FB68E6
:10361000D3F8E8301946F869FDF72AFC03467B62C7
:103620004FF07C51786AFDF70DFD0346002B02D068
:103630004FF07C537B623149786AFDF721FD0346E8
:10364000002B01D02D4B7B62FB68D3F8B030002BF0
:103650000BD0FB68D3F8F430BA68D21AFB68D3F801
:10366000F0309A4201D2012300E00023BB61BB6924
:10367000002B11D0FB6A022B0EDD4FF07F51F86951
:10368000FDF7E0FC0346002B06D0FB68D3F8F830CA
:10369000072B01DC012300E000237B617B68002B0A
:1036A00008D07B69002B14BF01230023DBB21A462C
:1036B0007B681A60BB6B002B02D0BB6B7A6A1A6006
:1036C0003B68002B15D07B69002B03D0FB6A0233CB
:1036D0005B0005E0FB6A002B01DD032300E0002313
:1036E0003A6813603B681B68132B02DD3B681322AA
:1036F0001A6000BF3037BD4680BD00BFCDCCC74289
:1037000080B58AB002AF786039604FF00001386848
:10371000FDF798FC0346002B02D04FF0FF3300E08A
:1037200001233B613B6823F00043FB60F868FDF731
:10373000C7FC0346FB61F869FDF792FA0346194698
:10374000F868FDF7D7F903461A491846FDF7DCFA81
:103750000346184606F0CEFD03461846FDF7B0FCBA
:103760000346BB61BB69092B04DDFB690133FB61C7
:103770000023BB6100237B613B69002B07DA7B6977
:103780005A1C7A611A467B6813442D221A707B6991
:103790007A68D018BB690093FB69074A082104F0D6
:1037A000D7FB02467B6913447B617B69184620374F
:1037B000BD4680BD0000204164B7000880B58AB0D6
:1037C00002AF786039604FF000013868FDF73AFCCD
:1037D0000346002B02D04FF0FF3300E001233B6192
:1037E0003B6823F00043FB60F868FDF769FC034683
:1037F000FB61F869FDF734FA03461946F868FDF7EE
:1038000079F903461A491846FDF77EFA0346184629
:1038100006F070FD03461846FDF752FC0346BB61F7
:10382000BB69632B04DDFB690133FB610023BB61D2
:1038300000237B613B69002B07DA7B695A1C7A61A4
:103840001A467B6813442D221A707B697A68D01857
:10385000BB690093FB69074A082104F079FB024623
:103860007B6913447B617B6918462037BD4680BD68
:103870000000C8426CB700082DE9B04F96B004AF05
:103880007861396111461A460B46FB731346BB73C8
:103890007B69002B01DBFB7B00E0BB7B87F83330CF
:1038A0007B69DA173B607A60D7E90023C7E9102308
:1038B000D7E91023002B08DAD7E910230021D2F131
:1038C000000861EB0309C7E91089D7E91001474AED
:1038D0004FF00003FDF71AFC02460B461346FB634C
:1038E000D7E91001414A4FF00003FDF70FFCC7E98B
:1038F0000A23D7E90A8942464B464FF000004FF0B1
:103900000001190141EA1271100102460B46B2EBA7
:10391000080463EB09054FF000024FF00003AB0011
:1039200043EA9473A20014461D46C7E90845D7E947
:1039300008012E4A4FF00003FDF7E8FB02460B4654
:103940001346BB63D7E90801284A4FF00003FDF78F
:10395000DDFBC7E90623D7E9062312F1050A43F187
:10396000000B4FF00A024FF0000350465946FDF796
:10397000CDFB02460B4613467B637B6B1C4A93428E
:1039800008DD7B6BA3F57423A3F510737B63BB6B1E
:103990000133BB63BB6B3B2B05DDBB6B3C3BBB63AC
:1039A000FB6B0133FB633B69032B0DD197F833307D
:1039B00002937B6B0193BB6B0093FB6B0D4A182149
:1039C000B86E04F0C5FA0CE097F8333002937B6BC5
:1039D0000193BB6B0093FB6B074A1821B86E04F090
:1039E000B7FA00BF4837BD46BDE8B08F8096980053
:1039F0003F420F0074B7000888B7000880B584B054
:103A000002AF786039603B68009353234E22022155
:103A10007868FFF731FF00BF0837BD4680BD80B52D
:103A200084B002AF786039603B6800935723452229
:103A300003217868FFF720FF00BF0837BD4680BD2F
:103A400080B485B000AF78600023FB730123BB60B6
:103A500009E0BB687A6813441A78FB7B5340FB7318
:103A6000BB680133BB60BB687A6813441B78002BCA
:103A700005D0BB687A6813441B782A2BE9D1FB7BFD
:103A800018461437BD4680BC7047000080B584B02E
:103A900000AF78607868FFF7D3FF0346FB73786860
:103AA000FCF756FB0346BB60BB687A68D018FB7B0B
:103AB000034A062104F04CFA00BF1037BD4680BD12
:103AC0009CB7000880B582B000AF786003223E4901
:103AD000786804F05EFB0346002B01D101236EE001
:103AE00003223A49786804F054FB0346002B01D1C5
:103AF000022364E003223649786804F04AFB034657
:103B0000002B01D103235AE003223249786804F0E4
:103B100040FB0346002B01D1042350E003222E4931
:103B2000786804F036FB0346002B01D1052346E0FC
:103B300003222A49786804F02CFB0346002B01D1AC
:103B400006233CE003222649786804F022FB034662
:103B5000002B01D1072332E003222249786804F0C8
:103B600018FB0346002B01D1082328E003221E493D
:103B7000786804F00EFB0346002B01D109231EE0F8
:103B800003221A49786804F004FB0346002B01D194
:103B90000A2314E003221649786804F0FAFA03466F
:103BA000002B01D10B230AE003221249786804F0AC
:103BB000F0FA0346002B01D10C2300E00123184644
:103BC0000837BD4680BD00BFA4B70008A8B70008ED
:103BD000ACB70008B0B70008B4B70008B8B7000821
:103BE000BCB70008C0B70008C4B70008C8B70008D1
:103BF000CCB70008D0B7000890B589B000AFF86026
:103C0000B9607A603B604F4BFB614F4B1B684FF0D4
:103C100000011846FDF70CFA0346002B1BD038684C
:103C2000FDF71EF8034649491846FDF721F90346FA
:103C3000BB614749B869FDF767F803467B6178695E
:103C400006F0B4FA03463F491846FDF75DF803460F
:103C50001A463D4B1A603C4B1B683B613D49B868B6
:103C6000FDF7F0F90346002B02D03A4BBB6008E0A9
:103C70003949B868FDF704FA0346002B01D0364BEA
:103C8000BB603449F868FDF7DDF90346002B02D02C
:103C9000304BFB6008E03049F868FDF7F1F9034666
:103CA000002B01D02C4BFB602A497868FDF7CAF93C
:103CB0000346002B02D0274B7B6008E0264978683A
:103CC000FDF7DEF90346002B01D0234B7B601F4933
:103CD000B868FDF719F80346F9691846FDF7C8F802
:103CE00003461846FDF7ECF902463B681A44BB6BE5
:103CF0001A601649F868FDF707F80346396918464F
:103D0000FDF7B6F803461846FDF7DAF902463B6BB5
:103D10001A44FB6B1A607A6B13469B0013445B00DA
:103D20001C460E497868FCF7EFFF03461846FDF77E
:103D3000C7F90346E2183B6C1A6000BF2437BD4642
:103D400090BD00BFF36BD947880600208096184BC2
:103D500035FA8E3C000020C10000204100007A446A
:103D600080B483B000AF78607B6800221A707B68F3
:103D7000002283F882207B68002283F8042100BFA0
:103D80000C37BD4680BC704790B5BFB008AFF86037
:103D9000B9607A603B60D7F80031002B02DA00236B
:103DA000C7F80031D7F80431002B02DA0023C7F836
:103DB0000431C249D7F80801FDF744F90346002B46
:103DC00002D0BE4BC7F80831D7F80031002B01DD17
:103DD000412300E0562387F8D33007F19C03049376
:103DE00007F1A003039307F1A4030293D7F8F83077
:103DF0000193D7F8F4300093D7F8F0303A68796837
:103E0000B868FFF7F9FED7F8A43007F1840211462D
:103E10001846FFF7F3FDD7F8A03007F16C02114602
:103E20001846FFF7FCFDD7F8FC30C7F8CC30D7F8C0
:103E3000CC30A34AA2FB0323D90AA24BA3FB012344
:103E40001A0913465B001344DB00CA1AC7F8C820DE
:103E5000D7F8CC309C4AA2FB032359099A4BA3FB09
:103E600001235A0913461B019B1A9B00CA1AC7F863
:103E7000C420D7F8CC10944BA3FB01235A09134656
:103E80001B019B1A9B00CA1AC7F8C02007F16000EB
:103E9000D7F8C0300193D7F8C4300093D7F8C830B2
:103EA0008A4A0A2104F054F83123202B08D0312308
:103EB000A3F1300213469B0013445B001A4600E056
:103EC00000223623303B1344C7F8BC308048FFF74C
:103ED000F9FDC7F8B8003223A3F1300213469B0066
:103EE00013445B001A463623303B1344C7F8B43002
:103EF00007F15000D7F8B4300193D7F8B8300093E9
:103F0000D7F8BC30714A102104F022F8D7F8E81035
:103F1000D7F8E800FCF7F8FE03461C46D7F8EC108B
:103F2000D7F8EC00FCF7F0FE034619462046FCF7F4
:103F3000E3FD0346184606F01BF90346654918469B
:103F4000FCF7E2FE0346C7F8B0306349D7F8B0008B
:103F5000FCF7DAFE0346C7F8AC30D7F8EC10D7F818
:103F6000E80006F003F903465C491846FCF7CCFE6E
:103F70000346C7F8D4304FF00001D7F8D400FDF75E
:103F800061F80346002B07D05549D7F8D400FCF759
:103F9000B3FD0346C7F8D430D7F89C301846FCF779
:103FA0005FFE03464F491846FCF762FF0346C7F819
:103FB000A83007F14403D7F8A8101846FFF7A0FB74
:103FC00007F13803D7F808111846FFF7F7FB07F198
:103FD0002C03D7F8B0101846FFF7F0FB07F12003C9
:103FE000D7F8D4101846FFF78BFB07F11403D7F866
:103FF000AC101846FFF7E2FBF86807F1600207F122
:104000004403059307F138030493D7F8043103936D
:10401000D7F80031029307F16C03019307F1840391
:1040200000931346304A822103F092FFFB68184642
:10403000FFF72CFDFB6803F1820097F8D330D7F827
:104040000021002A01DD412200E04E2207F160013B
:10405000069207F15002059207F12002049207F13F
:104060002C02039207F16C02029207F18402019282
:1040700000930B461D4A822103F06AFFFB688233DE
:104080001846FFF703FDFB6803F5827007F1200275
:1040900007F11403019307F12C0300931346144A0C
:1040A000642103F055FFFB6803F582731846FFF7A0
:1040B000EDFC00BFDC37BD4690BD00BFCDCCCC3D94
:1040C000C5B3A291ABAAAAAA89888888D4B70008E8
:1040D000E4B70008C0CFF83F560EED3FE12E654231
:1040E0000000B44300007A44F0B700081CB8000890
:1040F00048B8000880B483B000AF78607B68184689
:104100000C37BD4680BC704780B483B000AF786088
:104110007B68823318460C37BD4680BC704780B43C
:1041200083B000AF78607B6803F5827318460C3764
:10413000BD4680BC7047000080B485B000AF786099
:104140007B6800221A647B6800221A700023FB60DF
:1041500010E07A68FB6810339B0013440A4A5A60E7
:104160007A68FB6818339B00134400225A60FB688E
:104170000133FB60FB68072BEBDD00BF00BF14378A
:10418000BD4680BC704700BF000080BF80B58AB0CC
:1041900000AFF860B9607A60BB681B78242B18D137
:1041A000BB6801331B78442B13D1BB6802331B78E7
:1041B000492B0ED1BB6803331B78532B09D1BB6845
:1041C00004331B78542B04D1BB6805331B782C2B8C
:1041D0002AD0BB681B78002B1FD000237B620BE02A
:1041E0007B6ABA6813441978504A7B6A13440A46BA
:1041F0001A707B6A01337B627B6ABA6813441B784E
:10420000002B02D07B6A3E2BEADD484A7B6A1344CE
:1042100000221A70464B01221A60464B1B6801337C
:10422000444A136000237CE0434B1B680133424A3D
:104230001360BB6806333B622C21386A03F09CFF95
:10424000B861BB69002B01D100236AE0BB6901336F
:104250003B623B6A1B78532B01D0002361E03B6A31
:1042600001333B620023FB610DE0FA6913469B00BA
:1042700013445B001A463B6A1B78303B1344FB61D6
:104280003B6A01333B623B6A1B782F2B03D93B6AA5
:104290001B78392BE9D9FB69002B02DDFB69082B60
:1042A00001DD00233DE03B6A1B782C2B01D000236D
:1042B00037E03B6A01333B62386A02F011FF024685
:1042C0000B4610461946FCF7C1FB03467B614FF0D5
:1042D00000017869FCF7C0FE0346002B06D11749A0
:1042E0007869FCF7C3FE0346002B09D0FB69013B4C
:1042F000FA6810339B001344114A5A60012310E0FE
:10430000FB69013BFA6810339B0013447A695A60D9
:10431000FB69013BFA6818339B0013447A685A60C2
:10432000012318462837BD4680BD00BF8C060020FB
:10433000CC060020D4060020D00600200000484211
:10434000000080BF80B584B000AFF8600B467A6093
:10435000FB72FB7A0A2B02D0FB7A0D2B15D1FB687E
:104360001B6C002B0FDDFB681B6CFA680021D1541D
:10437000FB6800221A64FB687A681946F868FFF740
:1043800005FF03460EE000230CE0FB681B6C3E2B90
:1043900007DCFB681B6C591CFA681164FA68F97A2F
:1043A000D154002318461037BD4680BD80B584B077
:1043B00000AF786039600023FB600023BB602BE016
:1043C0007A68BB6810339B0013445B684FF00001B0
:1043D0001846FCF74BFE0346002B1AD07A68BB68E0
:1043E00010339B0013445B680F491846FCF72AFE04
:1043F0000346002B0DD07A68BB6818339B0013442A
:104400005B683A68D31AB3F5FA7F02D2FB680133CE
:10441000FB60BB680133BB60BB68072BD0DDFB686A
:1044200018461037BD4680BD0000484280B586B0B2
:1044300000AFF860B9607A603B6000237B610023C5
:104440003B613DE0FA683B6910339B0013445B68B5
:104450004FF000011846FCF709FE0346002B26D05A
:10446000FA683B6910339B0013445B68194918468E
:10447000FCF7E8FD0346002B19D0FA683B691833B6
:104480009B0013445B683A68D31AB3F5FA7F0ED2E7
:104490003B699B00BA681A44F9683B6910339B007A
:1044A0000B445B6813607B6901337B6105E03B690A
:1044B0009B00BA681344084A1A603B6901333B61A8
:1044C0003A697B689A42BDDB7B6918461837BD465E
:1044D00080BD00BF00004842000080BFFDF7D0FF54
:1044E0000B480C490C4A002302E0D458C450043352
:1044F000C4188C42F9D3094A094C002301E0136027
:104500000432A242FBD303F0A3FEFDF785F9704706
:1045100000000020D8010020C4C10008D8010020FC
:1045200028080020FEE7000080B500AF084B1B689C
:10453000074A43F010031360032000F023F90F2013
:1045400000F008F8FDF770FE0023184680BD00BF9C
:104550000020024080B582B000AF7860124B1A682C
:10456000124B1B7819464FF47A73B3FBF1F3B2FB8D
:10457000F3F3184600F06AF90346002B01D001233B
:104580000EE07B680F2B0AD8002279684FF0FF30CD
:1045900000F018F9064A7B681360002300E001234D
:1045A00018460837BD4680BD040000200C000020DE
:1045B0000800002080B400AF054B1B781A46054B5D
:1045C0001B681344034A136000BFBD4680BC70479C
:1045D0000C000020D806002080B400AF024B1B68FE
:1045E0001846BD4680BC7047D806002080B485B010
:1045F00000AF78607B6803F00703FB600C4BDB685F
:10460000BB60BA684FF6FF031340BB60FB681A0239
:10461000BB68134343F0BF6343F40033BB60044AF9
:10462000BB68D36000BF1437BD4680BC704700BF75
:1046300000ED00E080B400AF044BDB681B0A03F020
:1046400007031846BD4680BC704700BF00ED00E080
:1046500080B483B000AF0346FB7197F90730002B9D
:104660000BDBFB7903F01F02064997F907305B0962
:10467000012000FA02F241F8232000BF0C37BD46AA
:1046800080BC704700E100E080B483B000AF034617
:104690003960FB7197F90730002B0ADB3B68DAB20F
:1046A0000C4997F907301201D2B20B4483F800236A
:1046B0000AE03B68DAB20849FB7903F00F03043BD8
:1046C0001201D2B20B441A7600BF0C37BD4680BC33
:1046D000704700BF00E100E000ED00E080B489B069
:1046E00000AFF860B9607A60FB6803F00703FB6114
:1046F000FB69C3F10703042B28BF0423BB61FB69DB
:104700000433062B02D9FB69033B00E000237B61E5
:104710004FF0FF32BB6902FA03F3DA43BB681A4079
:104720007B699A404FF0FF317B6901FA03F3D9436B
:104730007B680B40134318462437BD4680BC704746
:1047400080B582B000AF78607B68013BB3F1807FB9
:1047500001D301230FE00A4A7B68013B53600F211C
:104760004FF0FF30FFF790FF054B00229A60044B9B
:1047700007221A60002318460837BD4680BD00BFD7
:1047800010E000E080B582B000AF78607B68072B56
:104790000FD07B68062B0CD07B68052B09D07B687B
:1047A000042B06D07B68032B03D091210448FDF72E
:1047B00030FD7868FFF71AFF00BF0837BD4680BD9F
:1047C00068B8000880B586B000AF0346B9607A606B
:1047D000FB7300237B617B680F2B03D9A9210E4853
:1047E000FDF717FDBB680F2B03D9AA210A48FDF777
:1047F00010FDFFF71FFF78617A68B9687869FFF7E5
:104800006DFF024697F90F3011461846FFF73CFF3F
:1048100000BF1837BD4680BD68B8000880B582B0BB
:1048200000AF0346FB7197F90730002B03DABD2177
:104830000548FDF7EEFC97F907301846FFF708FF2B
:1048400000BF0837BD4680BD68B8000880B582B09B
:1048500000AF78607868FFF773FF034618460837A3
:10486000BD4680BD80B584B000AF78600023FB609A
:104870007B68002B01D10123DAE07B681B686E4A5C
:10488000934221D07B681B686C4A93421CD07B68A2
:104890001B686B4A934217D07B681B68694A934236
:1048A00012D07B681B68684A93420DD07B681B68F6
:1048B000664A934208D07B681B68654A934203D0DE
:1048C00099216448FDF7A5FC7B685B68002B0CD040
:1048D0007B685B68102B08D07B685B68B3F5804F02
:1048E00003D09A215B48FDF794FC7B689B68402BC2
:1048F00007D07B689B68002B03D09B215548FDF7B0
:1049000088FC7B68DB68802B07D07B68DB68002B2A
:1049100003D09C214F48FDF77CFC7B681B69002B72
:104920000DD07B681B69B3F5807F08D07B681B695D
:10493000B3F5007F03D09D214648FDF76AFC7B68F4
:104940005B69002B0DD07B685B69B3F5806F08D085
:104950007B685B69B3F5006F03D09E213D48FDF78E
:1049600058FC7B689B69002B07D07B689B69202BD8
:1049700003D09F213748FDF74CFC7B68DB69002B97
:1049800012D07B68DB69B3F5805F0DD07B68DB6993
:10499000B3F5005F08D07B68DB69B3F5405F03D0F7
:1049A000A0212C48FDF735FC7B681B681A462A4B72
:1049B00013442A4AA2FB03231B099A007B681A644A
:1049C0007B68274ADA637B68022283F821207B68B0
:1049D0001B681B68FB60FB6823F47F5323F03003E4
:1049E000FB607B685A687B689B681A437B68DB685E
:1049F0001A437B681B691A437B685B691A437B68AF
:104A00009B691A437B68DB691343FA681343FB60B5
:104A10007B681B68FA681A607B6800229A637B686F
:104A2000012283F821207B68002283F820200023C4
:104A300018461037BD4680BD080002401C000240E9
:104A40003000024044000240580002406C00024026
:104A500080000240A4B80008F8FFFDBFCDCCCCCC4C
:104A60000000024080B586B000AFF860B9607A609F
:104A70003B600023FB753B68002B03D03B68B3F51C
:104A8000803F04D34FF4B7712C48FDF7C2FBFB689D
:104A900093F82030012B01D102234BE0FB68012267
:104AA00083F82020FB6893F82130DBB2012B3AD148
:104AB000FB68022283F82120FB6800229A63FB68CE
:104AC0001B681A68FB681B6822F001021A603B68C9
:104AD0007A68B968F86800F0F8F9FB68DB6A002BBF
:104AE00008D0FB681B681A68FB681B6842F00E025E
:104AF0001A600FE0FB681B681A68FB681B6822F0ED
:104B000004021A60FB681B681A68FB681B6842F0A5
:104B10000A021A60FB681B681A68FB681B6842F08F
:104B200001021A6005E0FB68002283F820200223BE
:104B3000FB75FB7D18461837BD4680BDA4B800083C
:104B400080B485B000AF78600023FB737B6893F876
:104B50002130DBB2022B08D07B6804229A637B6889
:104B6000002283F82020012320E07B681B681A685C
:104B70007B681B6822F00E021A607B681B681A684B
:104B80007B681B6822F001021A607B681A6C7B68E4
:104B9000DB6B012101FA02F25A607B68012283F883
:104BA00021207B68002283F82020FB7B18461437E5
:104BB000BD4680BC7047000080B584B000AF78600F
:104BC0000023FB737B6893F82130DBB2022B05D006
:104BD0007B6804229A630123FB7351E07B681B68A6
:104BE0001A687B681B6822F00E021A607B681B68DB
:104BF0001A687B681B6822F001021A607B681B68D8
:104C0000224A934229D07B681B68214A934222D0D2
:104C10007B681B681F4A93421AD07B681B681E4A38
:104C2000934212D07B681B681C4A93420AD07B686F
:104C30001B681B4A934202D14FF480130EE04FF0E1
:104C400080730BE04FF4803308E04FF4805305E0AD
:104C50004FF4807302E0102300E00123114A5360F7
:104C60007B68012283F821207B68002283F82020C2
:104C70007B685B6B002B03D07B685B6B7868984725
:104C8000FB7B18461037BD4680BD00BF08000240C0
:104C90001C00024030000240440002405800024024
:104CA0006C0002400000024080B584B000AF786024
:104CB0007B68DB6B1B68FB607B681B681B68BB60E9
:104CC0007B681B6C04229A40FB681340002B4FD07A
:104CD000BB6803F00403002B4AD07B681B681B6889
:104CE00003F02003002B07D17B681B681A687B68E0
:104CF0001B6822F004021A607B681B68664A9342B4
:104D000029D07B681B68654A934222D07B681B6868
:104D1000634A93421AD07B681B68624A934212D05E
:104D20007B681B68604A93420AD07B681B685F4AB5
:104D3000934202D14FF480030EE04FF080630BE00A
:104D40004FF4802308E04FF4804305E04FF4806384
:104D500002E0402300E00423554A53607B68DB6A8D
:104D6000002B00F094807B68DB6A786898478EE0BF
:104D70007B681B6C02229A40FB681340002B56D0C4
:104D8000BB6803F00203002B51D07B681B681B68D3
:104D900003F02003002B0BD17B681B681A687B682B
:104DA0001B6822F00A021A607B68012283F8212026
:104DB0007B681B68384A934229D07B681B68374A56
:104DC000934222D07B681B68354A93421AD07B6895
:104DD0001B68344A934212D07B681B68324A934264
:104DE0000AD07B681B68314A934202D14FF400130A
:104DF0000EE04FF000730BE04FF4003308E04FF487
:104E0000005305E04FF4007302E0202300E002238A
:104E1000274A53607B68002283F820207B689B6AC6
:104E2000002B34D07B689B6A786898472FE07B68BA
:104E30001B6C08229A40FB681340002B28D0BB68EB
:104E400003F00803002B23D07B681B681A687B687B
:104E50001B6822F00E021A607B681A6C7B68DB6BA1
:104E6000012101FA02F25A607B6801229A637B6891
:104E7000012283F821207B68002283F820207B68B0
:104E80001B6B002B04D07B681B6B7868984700BFB6
:104E900000BF1037BD4680BD080002401C00024024
:104EA0003000024044000240580002406C000240C2
:104EB0000000024080B483B000AF78607B689B6BD9
:104EC00018460C37BD4680BC704780B485B000AF33
:104ED000F860B9607A603B60FB681A6CFB68DB6B5A
:104EE000012101FA02F25A60FB681B683A685A60B5
:104EF000FB685B68102B08D1FB681B687A689A60B6
:104F0000FB681B68BA68DA6007E0FB681B68BA6870
:104F10009A60FB681B687A68DA6000BF1437BD4688
:104F200080BC704780B58AB000AF786039600023DC
:104F30007B6200233B627B68964A934213D07B6876
:104F4000954A93420FD07B68944A93420BD07B687A
:104F5000934A934207D07B68924A934203D0BD2183
:104F60009148FDF756F93B681B689BB2002B04D0B3
:104F70003B681B68B3F5803F03D3BE218A48FDF729
:104F800048F93B685B68002B00F01D823B685B685A
:104F9000012B00F018823B685B68112B00F0138234
:104FA0003B685B68022B00F00E823B685B68122B4B
:104FB00000F009823B685B687C4A934200F0038200
:104FC0003B685B687A4A934200F0FD813B685B680E
:104FD000784A934200F0F7813B685B68764A9342D7
:104FE00000F0F1813B685B68744A934200F0EB810A
:104FF0003B685B68724A934200F0E5813B685B68FE
:10500000032B00F0E081BF216748FDF702F9DAE1E8
:1050100001227B6A02FA03F3FB613B681B68FA69B1
:105020001340BB61BA69FB699A4240F0C9817B6851
:10503000584A934213D07B68574A93420FD07B68FB
:10504000564A93420BD07B68554A934207D07B68FF
:10505000544A934203D0CD215348FDF7DAF83B6818
:105060005B68574A934200F0C280554A934200F26F
:10507000E880504A934200F0BA804E4A934200F2D0
:10508000E0804E4A934200F0B2804C4A934200F2D4
:10509000D880474A934200F0AA80454A934200F2E2
:1050A000D080454A934200F0A280434A934200F2E6
:1050B000C880122B2CD8122B00F2C38001A252F808
:1050C00023F000BFEF510008195100086B51000890
:1050D0003D52000843520008435200084352000862
:1050E000435200084352000843520008435200084C
:1050F000435200084352000843520008435200083C
:10510000435200084352000841510008C5510008AD
:10511000264A93426BD094E03B68DB68022B0BD0AD
:105120003B68DB68012B07D03B68DB68032B03D0AF
:10513000D5211D48FDF76DF83B68DB683B6281E0D7
:105140003B68DB68022B0BD03B68DB68012B07D088
:105150003B68DB68032B03D0DC211348FDF759F8CB
:105160003B68DB6804333B626CE03B68DB68022B26
:105170000BD03B68DB68012B07D03B68DB68032B57
:1051800003D0E3210848FDF744F83B68DB680833A7
:105190003B6257E000080140000C01400010014054
:1051A0000014014000180140DCB800080000111094
:1051B0000000211000003110000012100000221029
:1051C000000032103B68DB68022B0BD03B68DB68C9
:1051D000012B07D03B68DB68032B03D0EA21804812
:1051E000FDF717F83B68DB680C333B622AE03B684D
:1051F0009B68002B0BD03B689B68012B07D03B685A
:105200009B68022B03D0F7217548FDF702F83B6835
:105210009B68002B02D104233B6213E03B689B6830
:10522000012B05D108233B627B68FA691A6109E00A
:1052300008233B627B68FA695A6103E000233B6202
:1052400000E000BFBB69FF2B01D87B6801E07B68F1
:1052500004337B61BB69FF2B02D87B6A9B0002E0B1
:105260007B6A083B9B003B617B691A680F213B69A5
:1052700001FA03F3DB431A40396A3B6901FA03F38D
:105280001A437B691A603B685B6803F08053002B0C
:1052900000F09680534B9B69524A43F0010393619F
:1052A000504B9B6903F00103BB60BB684E4A7B6AAD
:1052B0009B08023352F82330FB607B6A03F0030340
:1052C0009B000F2202FA03F3DB43FA681340FB60F2
:1052D0007B68464A934213D07B68454A93420DD07F
:1052E0007B68444A934207D07B68434A934201D18A
:1052F000032306E0042304E0022302E0012300E08C
:1053000000237A6A02F0030292009340FA68134382
:10531000FB6035497B6A9B080233FA6841F8232019
:105320003B685B6803F48013002B06D0334B9A680C
:105330003249BB6913438B6006E0304B9A68BB6906
:10534000DB432E4913408B603B685B6803F400131A
:10535000002B06D0294BDA682849BB691343CB6080
:1053600006E0264BDA68BB69DB4324491340CB6077
:105370003B685B6803F40033002B06D01F4B5A6870
:105380001E49BB6913434B6006E01C4B5A68BB695E
:10539000DB431A4913404B603B685B6803F480337E
:1053A000002B06D0154B1A681449BB6913430B60D8
:1053B00006E0124B1A68BB69DB43104913400B60CF
:1053C0007B6A01337B623B681A687B6A22FA03F3CB
:1053D000002B7FF41DAE00BF00BF2837BD4680BD47
:1053E000DCB8000800100240000001400008014045
:1053F000000C014000100140001401400004014075
:1054000080B582B000AF78600B467B8013467B701E
:105410007B88002B04D14FF4EA710E48FCF7F9FEAB
:105420007B78002B07D07B78012B04D040F2D5117C
:105430000848FCF7EEFE7B78002B03D07A887B6867
:105440001A6103E07B881A047B681A6100BF083781
:10545000BD4680BDDCB8000880B586B000AF78607E
:105460007B68002B01D101235AE37B681B68002B6A
:105470001CD07B681B6803F00103002B16D17B68EE
:105480001B6803F00203002B10D17B681B6803F03C
:105490000803002B0AD17B681B6803F00403002B70
:1054A00004D140F265118F48FCF7B3FE7B681B689E
:1054B00003F00103002B00F09A807B685B68002BEF
:1054C0000ED07B685B68B3F5803F09D07B685B6872
:1054D000B3F5A02F04D040F26B118248FCF799FE7F
:1054E000814B5B6803F00C03042B0CD07E4B5B6894
:1054F00003F00C03082B12D17B4B5B6803F4803361
:10550000B3F5803F0BD1784B1B6803F40033002BBD
:105510006CD07B685B68002B68D1012300E37B685B
:105520005B68B3F5803F06D16F4B1B686E4A43F44E
:10553000803313602EE07B685B68002B0CD16A4BD4
:105540001B68694A23F480331360674B1B68664A03
:1055500023F4802313601DE07B685B68B3F5A02F04
:105560000CD1614B1B68604A43F4802313605E4B8F
:105570001B685D4A43F4803313600BE05A4B1B6891
:10558000594A23F480331360574B1B68564A23F45F
:10559000802313607B685B68002B13D0FFF71CF837
:1055A000386108E0FFF718F802463B69D31A642B0C
:1055B00001D90323B4E24C4B1B6803F40033002BE6
:1055C000F0D014E0FFF708F8386108E0FFF704F8BE
:1055D00002463B69D31A642B01D90323A0E2424B54
:1055E0001B6803F40033002BF0D100E000BF7B68A0
:1055F0001B6803F00203002B00F080807B681B69AE
:10560000002B08D07B681B69012B04D040F29F114E
:105610003448FCF7FEFD7B685B691F2B04D94FF40F
:10562000D0713048FCF7F5FD2F4B5B6803F00C039D
:10563000002B0BD02C4B5B6803F00C03082B1CD108
:10564000294B5B6803F48033002B16D1264B1B6873
:1056500003F00203002B05D07B681B69012B01D0EE
:1056600001235DE2204B1B6823F0F8027B685B6935
:10567000DB001D4913430B6040E07B681B69002B76
:1056800020D01A4B01221A60FEF7A6FF386108E00D
:10569000FEF7A2FF02463B69D31A022B01D903236E
:1056A0003EE2114B1B6803F00203002BF0D00E4BBF
:1056B0001B6823F0F8027B685B69DB000A4913432F
:1056C0000B601BE0094B00221A60FEF785FF386172
:1056D0000EE0FEF781FF02463B69D31A022B07D981
:1056E00003231DE218B900080010024000004242E6
:1056F0007D4B1B6803F00203002BEAD17B681B681B
:1057000003F00803002B40D07B689B69002B08D076
:105710007B689B69012B04D04FF4F0717348FCF750
:1057200078FD7B689B69002B19D0714B01221A60B0
:10573000FEF752FF386108E0FEF74EFF02463B6974
:10574000D31A022B01D90323EAE1674B5B6A03F00A
:105750000203002BF0D0012000F002FC15E0644BA6
:1057600000221A60FEF738FF386108E0FEF734FFC8
:1057700002463B69D31A022B01D90323D0E15A4BCD
:105780005B6A03F00203002BF0D17B681B6803F017
:105790000403002B00F0BF800023FB757B68DB68EF
:1057A000002B0CD07B68DB68012B08D07B68DB68A2
:1057B000052B04D040F20F214C48FCF72AFD4A4B40
:1057C000DB6903F08053002B0DD1474BDB69464A60
:1057D00043F08053D361444BDB6903F08053BB60DB
:1057E000BB680123FB75434B1B6803F48073002BDC
:1057F00018D1404B1B683F4A43F480731360FEF797
:10580000EBFE386108E0FEF7E7FE02463B69D31A7B
:10581000642B01D9032383E1364B1B6803F48073A7
:10582000002BF0D07B68DB68012B06D12E4B1B6A66
:105830002D4A43F0010313622DE07B68DB68002BE7
:105840000CD1294B1B6A284A23F001031362264B13
:105850001B6A254A23F0040313621CE07B68DB68A3
:10586000052B0CD1204B1B6A1F4A43F00403136223
:105870001D4B1B6A1C4A43F0010313620BE01A4BD9
:105880001B6A194A23F001031362174B1B6A164A5D
:1058900023F0040313627B68DB68002B15D0FEF74E
:1058A0009BFE38610AE0FEF797FE02463B69D31A79
:1058B00041F28832934201D9032331E10A4B1B6A3A
:1058C00003F00203002BEED01CE0FEF785FE3861EA
:1058D00012E0FEF781FE02463B69D31A41F288329C
:1058E000934209D903231BE10010024018B90008B4
:1058F00080044242007000408B4B1B6A03F002039D
:10590000002BE6D1FB7D012B05D1874BDB69864A55
:1059100023F08053D3617B68DB69002B0CD07B685C
:10592000DB69012B08D07B68DB69022B04D040F2D5
:10593000AD217E48FCF76DFC7B68DB69002B00F035
:10594000EE80794B5B6803F00C03082B00F0CE80EF
:105950007B68DB69022B40F0B2807B681B6A002BFE
:1059600009D07B681B6AB3F5803F04D040F2B621B2
:105970006E48FCF74EFC7B685B6A002B4AD07B6864
:105980005B6AB3F5802F45D07B685B6AB3F5002F67
:1059900040D07B685B6AB3F5402F3BD07B685B6A85
:1059A000B3F5801F36D07B685B6AB3F5A01F31D09A
:1059B0007B685B6AB3F5C01F2CD07B685B6AB3F56C
:1059C000E01F27D07B685B6AB3F5001F22D07B689D
:1059D0005B6AB3F5101F1DD07B685B6AB3F5201FAF
:1059E00018D07B685B6AB3F5301F13D07B685B6AA5
:1059F000B3F5401F0ED07B685B6AB3F5501F09D02A
:105A00007B685B6AB3F5601F04D040F2B72147485A
:105A1000FCF7FFFB464B00221A60FEF7DDFD386104
:105A200008E0FEF7D9FD02463B69D31A022B01D9E3
:105A3000032375E03C4B1B6803F00073002BF0D18F
:105A40007B681B6AB3F5803F16D17B689B68002B8F
:105A500009D07B689B68B3F5003F04D040F2CD21AC
:105A60003248FCF7D6FB304B5B6823F400327B688E
:105A70009B682D4913434B602B4B5B6823F47412D6
:105A80007B68196A7B685B6A0B43274913434B6049
:105A9000274B01221A60FEF79FFD386108E0FEF7F0
:105AA0009BFD02463B69D31A022B01D9032337E041
:105AB0001D4B1B6803F00073002BF0D02FE01C4B34
:105AC00000221A60FEF788FD386108E0FEF784FDC9
:105AD00002463B69D31A022B01D9032320E0124B63
:105AE0001B6803F00073002BF0D118E07B68DB69C2
:105AF000012B01D1012313E00B4B5B68FB60FB68BA
:105B000003F480327B681B6A9A4206D1FB6803F477
:105B100070127B685B6A9A4201D0012300E0002387
:105B200018461837BD4680BD0010024018B900085D
:105B30006000424280B584B000AF786039607B6815
:105B4000002B01D1012376E17B681B6803F0010380
:105B5000002B16D17B681B6803F00203002B10D1C9
:105B60007B681B6803F00403002B0AD17B681B6869
:105B700003F00803002B04D140F236317448FCF7DF
:105B800048FB3B68002B0AD03B68012B07D03B68E1
:105B9000022B04D040F237316D48FCF73AFB6D4BD5
:105BA0001B6803F007033A689A4210D9694B1B68D7
:105BB00023F0070267493B6813430B60654B1B6882
:105BC00003F007033A689A4201D0012333E17B686E
:105BD0001B6803F00203002B49D07B681B6803F0AD
:105BE0000403002B05D05C4B5B685B4A43F4E06325
:105BF00053607B681B6803F00803002B05D0564BED
:105C00005B68554A43F4605353607B689B68002B84
:105C100024D07B689B68802B20D07B689B68902B6E
:105C20001CD07B689B68A02B18D07B689B68B02B2E
:105C300014D07B689B68C02B10D07B689B68D02BEE
:105C40000CD07B689B68E02B08D07B689B68F02BAE
:105C500004D040F25D313E48FCF7DBFA3E4B5B6816
:105C600023F0F0027B689B683B4913434B607B68E1
:105C70001B6803F00103002B51D07B685B68002B8D
:105C80000CD07B685B68012B08D07B685B68022BBB
:105C900004D04FF459712E48FCF7BBFA7B685B685F
:105CA000012B07D12C4B1B6803F40033002B15D1BB
:105CB0000123C0E07B685B68022B07D1264B1B6881
:105CC00003F00073002B09D10123B4E0224B1B68C1
:105CD00003F00203002B01D10123ACE01E4B5B68F3
:105CE00023F003027B685B681B4913434B60FEF79C
:105CF00073FCF8600AE0FEF76FFC0246FB68D31AFB
:105D000041F28832934201D9032394E0124B5B683D
:105D100003F00C027B685B689B009A42EBD10D4B51
:105D20001B6803F007033A689A4217D2094B1B68B5
:105D300023F0070207493B6813430B60054B1B68C0
:105D400003F007033A689A4208D0012373E000BFCA
:105D500018B9000800200240001002407B681B6850
:105D600003F00403002B25D07B68DB68002B18D0E0
:105D70007B68DB68B3F5806F13D07B68DB68B3F5B5
:105D8000A06F0ED07B68DB68B3F5C06F09D07B686D
:105D9000DB68B3F5E06F04D040F2A2312848FCF78D
:105DA00038FA284B5B6823F4E0627B68DB6825499E
:105DB00013434B607B681B6803F00803002B26D05D
:105DC0007B681B69002B18D07B681B69B3F5806F5B
:105DD00013D07B681B69B3F5A06F0ED07B681B697D
:105DE000B3F5C06F09D07B681B69B3F5E06F04D0D1
:105DF00040F2A9311248FCF70CFA124B5B6823F40D
:105E000060527B681B69DB000E4913434B6000F056
:105E100021F802460B4B5B681B0903F00F030A498C
:105E2000CB5C22FA03F3094A1360094B1B6818463E
:105E3000FEF790FB002318461037BD4680BD00BF1B
:105E400018B9000800100240BCB900080400002086
:105E50000800002080B487B000AF0023FB6000235F
:105E6000BB6000237B6100237B6000233B611E4BF2
:105E70005B68FB60FB6803F00C03042B02D0082B6B
:105E800003D027E0194B3B6127E0FB689B0C03F034
:105E90000F03174AD35C7B60FB6803F48033002B4D
:105EA00010D0114B5B685B0C03F00103114AD35C0B
:105EB000BB607B680D4A03FB02F2BB68B2FBF3F3E5
:105EC0007B6104E07B680C4A02FB03F37B617B6926
:105ED0003B6102E0054B3B6100BF3B6918461C3744
:105EE000BD4680BC704700BF0010024000127A001F
:105EF000D4B90008E4B9000800093D0080B400AF3F
:105F0000024B1B681846BD4680BC70470400002049
:105F100080B500AFFFF7F2FF0246054B5B681B0A36
:105F200003F007030349CB5C22FA03F3184680BD54
:105F300000100240CCB9000880B500AFFFF7DEFFCB
:105F40000246054B5B68DB0A03F007030349CB5CA1
:105F500022FA03F3184680BD00100240CCB90008B5
:105F600080B485B000AF78600A4B1B680A4AA2FB78
:105F700003235B0A7A6802FB03F3FB6000BFFB6844
:105F80005A1EFA60002BF9D100BF00BF1437BD467E
:105F900080BC704704000020D34D621080B582B0F1
:105FA00000AF78607B68002B01D1012395E07B680E
:105FB0009B69002B2CD07B681B684A4A93420ED009
:105FC0007B681B68484A934209D07B681B68474A34
:105FD000934204D04FF4B7714548FCF71AF97B6837
:105FE0009B69002B28D07B689B69B3F5807F23D009
:105FF0007B689B69B3F5007F1ED07B689B69B3F516
:10600000407F19D040F26F113948FCF702F913E0D4
:106010007B681B68334A93420ED07B681B68324A08
:10602000934209D07B681B68304A934204D040F207
:1060300073112F48FCF7EDF87B689B68002B09D0A3
:106040007B689B68B3F5805F04D040F275112848E7
:10605000FCF7DFF87B6893F84130DBB2002B06D108
:106060007B68002283F840207868FCF78DFA7B6813
:10607000242283F841207B681B68DA687B681B68F0
:1060800022F40052DA60786800F05CFF7B681B68DD
:106090001A697B681B6822F490421A617B681B684E
:1060A0005A697B681B6822F02A025A617B681B6868
:1060B000DA687B681B6842F40052DA607B68002271
:1060C0005A647B68202283F841207B68202283F871
:1060D00042207B6800225A63002318460837BD46D9
:1060E00080BD00BF0038014000440040004800402F
:1060F00050B9000880B58AB002AFF860B9603B6063
:106100001346FB8000237B61FB6893F84130DBB2D0
:10611000202B75D1BB68002B02D0FB88002B01D14E
:1061200001236EE0FB6800225A64FB68212283F899
:106130004120FEF751FA7861FB68FA889A84FB687F
:10614000FA88DA84FB689B68B3F5805F08D1FB6846
:106150001B69002B04D10023FB61BB68BB6103E01A
:10616000BB68FB610023BB612EE03B6800937B6949
:1061700000228021F86800F090FC0346002B05D037
:10618000FB68202283F8412003233AE0FB69002BBF
:106190000BD1BB691B881A46FB681B68C2F3080257
:1061A0005A60BB690233BB6107E0FB691A78FB6880
:1061B0001B685A60FB690133FB61FB68DB8C9BB297
:1061C000013B9AB2FB68DA84FB68DB8C9BB2002B44
:1061D000CBD13B6800937B6900224021F86800F036
:1061E0005CFC0346002B05D0FB68202283F841208D
:1061F000032306E0FB68202283F84120002300E00F
:10620000022318462037BD4680BD80B584B000AF5C
:10621000F860B9601346FB80FB6893F84230DBB24C
:10622000202B12D1BB68002B02D0FB88002B01D1A0
:1062300001230BE0FB6800221A63FB881A46B96849
:10624000F86800F083FC034600E00223184610378C
:10625000BD4680BD80B58CB000AFF860B960134614
:10626000FB80FB6893F84130DBB2202B56D1BB6832
:10627000002B02D0FB88002B01D101234FE0BA682C
:10628000FB681A62FB68FA889A84FB68FA88DA84E9
:10629000FB6800225A64FB68212283F84120FB68D6
:1062A0009B6B214A9A62FB689B6B204ADA62FB680F
:1062B0009B6B1F4A1A63FB689B6B00225A6307F1B2
:1062C0000803FB62FB68986BFB6A1968FB681B6834
:1062D00004331A46FB88FEF7C5FBFB681B686FF0AA
:1062E00040021A60FB681B681433BB61BB6953E84A
:1062F000003F7B617B6943F08003BB62FB681B68E6
:106300001433BA6A7A623B62396A7A6A41E80023D6
:10631000FB61FB69002BE5D1002300E00223184656
:106320003037BD4680BD00BF51690008EB690008E9
:10633000076A000880B58EB000AF78607B681B6884
:106340000C333B623B6A53E8003FFB61FB6923F07F
:10635000C0037B637B681B680C337A6BFA62BB6299
:10636000B96AFA6A41E800237B627B6A002BE5D1B7
:106370007B681B685B6903F08003002B36D07B6869
:106380001B681433FB60FB6853E8003FBB60BB68CD
:1063900023F080033B637B681B6814333A6BBA615C
:1063A0007B617969BA6941E800233B613B69002B55
:1063B000E5D17B689B6B002B18D07B689B6B002220
:1063C0005A637B689B6B1846FEF7BAFB0346002BAB
:1063D0000CD07B689B6B1846FEF76CFD0346202BA8
:1063E00004D17B6810225A64032307E07B680022F3
:1063F000DA847B68202283F841200023184638374E
:10640000BD4680BD80B5BAB000AF78607B681B68C0
:106410001B68C7F8E4307B681B68DB68C7F8E030AE
:106420007B681B685B69C7F8DC300023C7F8D8308D
:106430000023C7F8D430D7F8E43003F00F03C7F8CF
:10644000D830D7F8D830002B0FD1D7F8E43003F08C
:106450002003002B09D0D7F8E03003F02003002BF5
:1064600003D0786800F0AFFC5BE2D7F8D830002B9F
:1064700000F0DE80D7F8DC3003F00103002B06D1FA
:10648000D7F8E03003F49073002B00F0D180D7F8F8
:10649000E43003F00103002B0BD0D7F8E03003F415
:1064A0008073002B05D07B685B6C43F001027B6836
:1064B0005A64D7F8E43003F00403002B0BD0D7F86C
:1064C000DC3003F00103002B05D07B685B6C43F0EC
:1064D00002027B685A64D7F8E43003F00203002B11
:1064E0000BD0D7F8DC3003F00103002B05D07B681C
:1064F0005B6C43F004027B685A64D7F8E43003F025
:106500000803002B11D0D7F8E03003F02003002B54
:1065100005D1D7F8DC3003F00103002B05D07B68F0
:106520005B6C43F008027B685A647B685B6C002BF1
:1065300000F0F281D7F8E43003F02003002B08D0FC
:10654000D7F8E03003F02003002B02D0786800F089
:106550003AFC7B681B685B6903F04003002B14BFA7
:1065600001230023DBB2C7F8D4307B685B6C03F0F7
:106570000803002B03D1D7F8D430002B4FD0786814
:1065800000F044FB7B681B685B6903F04003002B51
:1065900041D07B681B681433C7F89C30D7F89C3017
:1065A00053E8003FC7F89830D7F8983023F04003FD
:1065B000C7F8D0307B681B681433D7F8D020C7F8F1
:1065C000A820C7F8A430D7F8A410D7F8A82041E82D
:1065D0000023C7F8A030D7F8A030002BD9D17B68B2
:1065E000DB6B002B13D07B68DB6B7E4A5A637B68C6
:1065F000DB6B1846FEF7E0FA0346002B16D07B68EB
:10660000DB6B5B6B7A68D26B104698470EE078685C
:10661000FBF7B8F80AE07868FBF7B4F806E07868AA
:10662000FBF7B0F87B6800225A6475E100BF73E1A4
:106630007B681B6B012B40F04F81D7F8E43003F0EF
:106640001003002B00F04881D7F8E03003F010036E
:10665000002B00F041810023BB607B681B681B6836
:10666000BB607B681B685B68BB60BB687B681B6842
:106670005B6903F04003002B00F0B6807B68DB6BA6
:106680001B685B68A7F8BE30B7F8BE30002B00F07F
:1066900045817B689B8DB7F8BE209A4280F03E8191
:1066A0007B68B7F8BE20DA857B68DB6B9B69202BA3
:1066B00000F088807B681B680C33C7F88830D7F8F7
:1066C000883053E8003FC7F88430D7F8843023F48B
:1066D0008073C7F8B8307B681B680C33D7F8B820D4
:1066E000C7F89420C7F89030D7F89010D7F89420C6
:1066F00041E80023C7F88C30D7F88C30002BD9D173
:106700007B681B6814337B677B6F53E8003F3B67F4
:106710003B6F23F00103C7F8B4307B681B68143368
:10672000D7F8B420C7F88020FB67F96FD7F880202E
:1067300041E80023BB67BB6F002BE1D17B681B687E
:1067400014333B663B6E53E8003FFB65FB6D23F063
:106750004003C7F8B0307B681B681433D7F8B0200B
:10676000FA66BB66B96EFA6E41E800237B667B6E03
:10677000002BE3D17B68202283F842207B68002233
:106780001A637B681B680C33FB64FB6C53E8003FA7
:10679000BB64BB6C23F01003C7F8AC307B681B688C
:1067A0000C33D7F8AC20BA657B65796DBA6D41E8DA
:1067B00000233B653B6D002BE3D17B68DB6B184608
:1067C000FEF7BEF97B6802225A637B689A8D7B686C
:1067D000DB8D9BB2D31A9BB21946786800F0ADF8F6
:1067E0009CE000BFD16C00087B689A8D7B68DB8DD4
:1067F0009BB2D31AA7F8CE307B68DB8D9BB2002BFF
:1068000000F08E80B7F8CE30002B00F089807B68D6
:106810001B680C33BB63BB6B53E8003F7B637B6B34
:1068200023F49073C7F8C8307B681B680C33D7F823
:10683000C8207A643B64396C7A6C41E80023FB63BE
:10684000FB6B002BE3D17B681B6814337B627B6A94
:1068500053E8003F3B623B6A23F00103C7F8C430B2
:106860007B681B681433D7F8C4203A63FB62F96A6B
:106870003A6B41E80023BB62BB6A002BE3D17B6823
:10688000202283F842207B6800221A637B681B6801
:106890000C333B613B6953E8003FFB60FB6823F02E
:1068A0001003C7F8C0307B681B680C33D7F8C020D2
:1068B000FA61BB61B969FA6941E800237B617B69D0
:1068C000002BE3D17B6802225A63B7F8CE30194619
:1068D000786800F032F823E0D7F8E43003F0800362
:1068E000002B09D0D7F8E03003F08003002B03D051
:1068F000786800F001FA14E0D7F8E43003F04003C0
:10690000002B0ED0D7F8E03003F04003002B08D066
:10691000786800F040FA04E000BF02E000BF00E049
:1069200000BFE837BD4680BD80B483B000AF78605B
:1069300000BF0C37BD4680BC704780B483B000AF49
:1069400078600B467B8000BF0C37BD4680BC70472B
:1069500080B590B000AF78607B685B6AFB637B6852
:106960001B681B6803F02003002B37D1FB6B002250
:10697000DA84FB6B1B6814337B627B6A53E8003F4D
:106980003B623B6A23F08003BB63FB6B1B681433E1
:10699000BA6B3A63FB62F96A3A6B41E80023BB6267
:1069A000BB6A002BE5D1FB6B1B680C333B613B6979
:1069B00053E8003FFB60FB6843F040037B63FB6BE5
:1069C0001B680C337A6BFA61BB61B969FA6941E8FB
:1069D00000237B617B69002BE5D102E0F86BFAF7BD
:1069E00085FE00BF4037BD4680BD80B584B000AF96
:1069F00078607B685B6AFB60F868FFF795FF00BF13
:106A00001037BD4680BD80B584B000AF78600023EC
:106A1000FB607B685B6ABB60BB681B685B6903F0FB
:106A20008003002B14BF01230023DBB2FB60BB6893
:106A300093F84130DBB2212B08D1FB68002B05D045
:106A4000BB680022DA84B86800F0B9F8BB681B683C
:106A50005B6903F04003002B14BF01230023DBB26A
:106A6000FB60BB6893F84230DBB2222B08D1FB6895
:106A7000002B05D0BB680022DA85B86800F0C6F8A4
:106A8000BB685B6C43F01002BB685A64B868FAF7E5
:106A900079FE00BF1037BD4680BD80B586B000AF1F
:106AA000F860B9603B601346FB713BE03B6AB3F1B1
:106AB000FF3F37D0FDF790FD02463B68D31A3A6A94
:106AC0009A4202D33B6A002B01D103233AE0FB68D0
:106AD0001B68DB6803F00403002B23D0BB68802B0A
:106AE00020D0BB68402B1DD0FB681B681B6803F0DF
:106AF0000803082B16D100237B61FB681B681B6809
:106B00007B61FB681B685B687B617B69F86800F0F0
:106B10007DF8FB6808225A64FB68002283F8402055
:106B200001230FE0FB681B681A68BB681340BA6852
:106B30009A420CBF01230023DBB21A46FB799A422A
:106B4000B4D0002318461837BD4680BD80B485B048
:106B500000AFF860B9601346FB80FB68BA689A62C0
:106B6000FB68FA889A85FB68FA88DA85FB68002258
:106B70005A64FB68222283F84220FB681B69002BC1
:106B800007D0FB681B68DA68FB681B6842F48072F8
:106B9000DA60FB681B685A69FB681B6842F00102F7
:106BA0005A61FB681B68DA68FB681B6842F02002C8
:106BB000DA60002318461437BD4680BC704780B4A5
:106BC00089B000AF78607B681B680C33FB60FB68A2
:106BD00053E8003FBB60BB6823F0C003FB617B68E8
:106BE0001B680C33FA69BA617B617969BA6941E85B
:106BF00000233B613B69002BE5D17B68202283F8B1
:106C0000412000BF2437BD4680BC704780B495B09A
:106C100000AF78607B681B680C337B637B6B53E849
:106C2000003F3B633B6B23F49073FB647B681B6802
:106C30000C33FA6C3A64FB63F96B3A6C41E800235D
:106C4000BB63BB6B002BE5D17B681B6814333B62D5
:106C50003B6A53E8003FFB61FB6923F00103BB641F
:106C60007B681B681433BA6CFA62BB62B96AFA6A51
:106C700041E800237B627B6A002BE5D17B681B6BBC
:106C8000012B19D17B681B680C33FB60FB6853E850
:106C9000003FBB60BB6823F010037B647B681B680C
:106CA0000C337A6CBA617B617969BA6941E8002377
:106CB0003B613B69002BE5D17B68202283F84220B1
:106CC0007B6800221A6300BF5437BD4680BC704702
:106CD00080B584B000AF78607B685B6AFB60FB685E
:106CE0000022DA85FB680022DA84F868FAF74AFDA8
:106CF00000BF1037BD4680BD80B485B000AF78605E
:106D00007B6893F84130DBB2212B3ED17B689B68D6
:106D1000B3F5805F14D17B681B69002B10D17B68B1
:106D20001B6AFB60FB681B881A467B681B68C2F302
:106D300008025A607B681B6A9A1C7B681A6208E02A
:106D40007B681B6A591C7A6811621A787B681B6819
:106D50005A607B68DB8C9BB2013B9BB27A68194618
:106D6000D184002B0FD17B681B68DA687B681B68B5
:106D700022F08002DA607B681B68DA687B681B6837
:106D800042F04002DA60002300E002231846143784
:106D9000BD4680BC704780B582B000AF78607B682C
:106DA0001B68DA687B681B6822F04002DA607B6847
:106DB000202283F841207868FAF798FC00231846CF
:106DC0000837BD4680BD80B58CB000AF78607B6869
:106DD00093F84230DBB2222B40F0AE807B689B6898
:106DE000B3F5805F17D17B681B69002B13D100239B
:106DF000FB627B689B6ABB627B681B685B689BB2BB
:106E0000C3F308039AB2BB6A1A807B689B6A9A1C18
:106E10007B689A6226E07B689B6AFB620023BB6208
:106E20007B689B68B3F5805F07D07B689B68002B0D
:106E30000AD17B681B69002B06D17B681B685B68E5
:106E4000DAB2FB6A1A7008E07B681B685B68DBB229
:106E500003F07F03DAB2FB6A1A707B689B6A5A1CE4
:106E60007B689A627B68DB8D9BB2013B9BB27A6840
:106E70001946D185002B5DD17B681B68DA687B6879
:106E80001B6822F02002DA607B681B68DA687B6886
:106E90001B6822F48072DA607B681B685A697B6821
:106EA0001B6822F001025A617B68202283F842208D
:106EB0007B6800225A637B681B6B012B35D17B6892
:106EC00000221A637B681B680C337B617B6953E883
:106ED000003F3B613B6923F010037B627B681B68CA
:106EE0000C337A6A3A62FB61F9693A6A41E8002335
:106EF000BB61BB69002BE5D17B681B681B6803F095
:106F00001003102B0AD10023FB607B681B681B68F1
:106F1000FB607B681B685B68FB60FB687B689B8D24
:106F200019467868FFF709FD02E07868FAF7B2FBC6
:106F3000002302E0002300E0022318463037BD465C
:106F400080BD000080B584B000AF78607B685B686E
:106F50005F4A934204D940F675615E48FBF759F9E0
:106F60007B68DB68002B09D07B68DB68B3F5005FCA
:106F700004D040F676615748FBF74BF97B681B69F4
:106F8000002B0ED07B681B69B3F5806F09D07B683E
:106F90001B69B3F5C06F04D040F677614D48FBF72D
:106FA00038F97B685A694FF6F3731340002B03D10D
:106FB0007B685B69002B04D140F678614548FBF79C
:106FC00028F97B681B681B6923F440517B68DA68E9
:106FD0007B681B680A431A617B689A687B681B6937
:106FE0001A437B685B691343BB607B681B68DB6883
:106FF00023F4B05323F00C037A681268B9680B438A
:10700000D3607B681B685B6923F440717B689A6975
:107010007B681B680A435A617B681B682E4A93424F
:1070200003D1FEF789FFF86002E0FEF771FFF86018
:10703000FA6813469B0013449A001A447B685B6805
:107040009B00B2FBF3F3254AA2FB03235B09190162
:10705000FA6813469B0013449A001A447B685B68E5
:107060009B00B2FBF3F21D4BA3FB02035B09642000
:1070700000FB03F3D31A1B013233184AA2FB03238C
:107080005B0903F0F0031944FA6813469B001344AC
:107090009A001A447B685B689B00B2FBF3F20F4BCB
:1070A000A3FB02035B09642000FB03F3D31A1B015B
:1070B00032330A4AA2FB03235B0903F00F027B6809
:1070C0001B680A449A6000BF1037BD4680BD00BFF0
:1070D00020AA440050B90008003801401F85EB5138
:1070E000002100F0F5BD2DE9F0410F46904602F079
:1070F000A5F804460D46B8F1000F11D0C7F30A53A6
:10710000C3F16B03002B0BDD00241B0503F17F553E
:1071100005F5401522462B46F9F7DEF904460D46E3
:1071200020462946BDE8F0812DE9F04F9DB015922B
:1071300000220E464FF000084FF00009049018920C
:1071400017910A780D462B2A01F101011DD00BD8A9
:107150000D2A06D8082AF3D87AB100239A460B9351
:1071600081E0202AECD0F8E72D2A10D10122691CF9
:1071700017910B926A78002A35D1159B1796002B30
:1071800040F08B85404649462AE00022EFE7002187
:107190000B91302A40F099806A7802F0DF02582A79
:1071A00058D102930B9B814A019318AB009304982A
:1071B00019AB17A901F038F910F00F06044605D0F5
:1071C000062E12D10023013517950B93159B002B2A
:1071D00040F065850B9B002BD4D0404609F100415F
:1071E0001DB0BDE8F08F0D46D3E7189A3AB13521AE
:1071F0001AA802F013F91899049801F0E7FC013E6F
:10720000042E06D8DFE806F014031E211400DDE981
:107210001A89E00548BF49F0004929F000431B0DD9
:107220001B05002BD2D101F00DF822230360CDE71E
:10723000199ADDE91A8302F2334223F4801343EAF8
:107240000259E6E7DFF86891E3E76FF000494FF095
:10725000FF38DEE7013517952B78302BFAD0002B5D
:10726000B4D04FF0010A00272B46BB460A210E97E7
:10727000184613F8014BA4F13002092A28D901223B
:107280004C4900F086FF002833D0002022465C469F
:10729000CDE90600652A01D0452A14D124B95AEA5D
:1072A00000033FF46AAF0024179E731C1793727893
:1072B0002B2A72D02D2A76D04FF0000CA2F1300389
:1072C000092B7DD9179600239FE04FF0000ACAE7EB
:1072D000BBF1080FD7BF0E9A01FB074201FB024228
:1072E000303AD4BF0E92A2F130070BF1010B179385
:1072F000BEE7179B5A1C17925A78BBF1000F33D088
:107300005C460690A2F13003092B12D901230793A2
:10731000C0E7179B01305A1C17925A78302AF8D0D0
:10732000A2F13103082B00F2BF840690002004462E
:10733000179D303A00F1010310D0069920441944FA
:107340000A230691A04211D1082800F1010419DC9A
:107350000A230E9903FB01230E930023179A184664
:10736000511C17915278CDE75846D7E7082C04F105
:10737000010403DC0E9959430E91E3E7102CD8BFAA
:107380005F43DFE70F28DCBF0A2303FB0727E4E79F
:1073900000210123CDE9061381E74FF0000CB31C57
:1073A0001793B2788AE74FF0010CF8E760BB00084A
:1073B0000000F07FE6B90008179B5A1C17925A7814
:1073C000302AF9D0A2F13103082B3FF67CAF179B8E
:1073D000A2F1300E194605930B46013317931A7824
:1073E0001946A2F13003092B3CD9059BCB1A082B77
:1073F00044F61F633CDC9E45A8BF9E46CDF814E0D2
:10740000BCF1000F02D0059B5B420593002C50D1CC
:107410005AEA00007FF4DAAE079B002B7FF4ADAE92
:10742000692A29D026DC492A26D04E2A7FF4A5AE27
:107430009F4917A801F01AFA00283FF49EAE179B47
:107440001B78282B2FD19B491AAA17A801F022FAE2
:10745000052828D11B9BDDF8688043F0FF4949F4DB
:10746000E009B3E60A2303FB0E22A2F1300EB3E7D4
:107470000593C5E76E2AD9E78F4917A801F0F6F9F9
:1074800000283FF47AAE179B8C49013B17A817934D
:1074900001F0ECF910B9179B013317934FF0000876
:1074A000DFF81C9292E6874800F008FF8046894684
:1074B0008CE6DDE90532BBF1000F08BFA3469B1A3D
:1074C000102C0E98A2460A93A8BF4FF0100AF8F7A6
:1074D00089FF092C8046894611DC0A9B002B3FF46A
:1074E00075AE0A9B71DD162B58DC7749424601EBDD
:1074F000C3014B46D1E90001F8F7EEFFD6E7724B26
:1075000003EBCA0353E91223F8F7E6FF8046384637
:107510008946F8F767FF02460B4640464946F8F7AA
:1075200025FE0F2C80468946D7DD0A9BA4EB0A0A6C
:107530009A44BAF1000F40F397802AF00F061AF030
:107540000F0A51D1B6F59A7F5EDC002340464946CA
:107550001F46DFF878A13611012E79D10BB1804694
:1075600089465A49A9F1547901EBC7014246D1E94C
:1075700000014B46F8F7B0FF514B0A460B40544907
:1075800080468B4240D8A1F580118B4286BF4FF0D8
:10759000FF38DFF8409102F1547932E00A9AC4F1E1
:1075A00025039342C1DB484DC4F10F0405EBC40130
:1075B0004246D1E900014B46F8F78EFF0A9B1C1B9F
:1075C00005EBC405D5E9002396E71633ADDBDDE90D
:1075D00005239A1A3C4B404603EBC2034946D3E9C4
:1075E0000023F9F7A3F861E73749424601EBCA01E6
:1075F0004B46D1E90001F8F76FFF80468946002E1F
:10760000A0D1002307939FE0002405940E940694D4
:1076100022234FF00008049ADFF8A49013600E9B19
:10762000002B3FF4D3AD1899049801F0CFFA0699D6
:10763000049801F0CBFADDE9040101F0C7FA0E99D4
:10764000049801F0C3FA2146049801F0BFFABDE5A1
:10765000F20704D5DAE90023F8F73EFF01230137EA
:1076600076100AF1080A77E7CBD0CAF1000A4FEA90
:107670002A161AF00F0A0DD11F2E2DDD00240594B5
:107680000E9406942223049A4FF000084FF000094C
:107690001360C4E70C4B404603EBCA034946D3E9E9
:1076A0000023F9F743F880468946002EA9D0E3E786
:1076B000F1B900084CBB0008E8B90008EBB90008B4
:1076C0000000F07F4BBB0008D8BB0008B0BB00082F
:1076D0000000A07CFFFFEF7F16F0100318BF6A23A5
:1076E0004046079349460023764FF20704D5D7E971
:1076F0000023F8F7F1FE0123761007F10807F4D113
:107700000BB180468946079BB3B1C9F30A52C2F157
:107710006B03002B49460FDD1F2B59DD342BD8BFDF
:107720004FF0FF334FF00008CFBF4FF05C79C2F14C
:107730004B02934003EA01090022002340464946D8
:10774000F9F732F9002899D10E9B5A460093294641
:107750002346049801F0A2FA0E9000283FF454AF9B
:10776000DDE905239B1A0A9A0024002AA8BF0023FA
:10777000129322EAE273149305940E9B04985968BD
:1077800001F0E6F9069000283FF442AF0E9B0C3062
:107790001A6903F10C010232920000F080FD1AAB6D
:1077A000019319AB009342464B460498CDE90C89EE
:1077B00001F0ACFD189000283FF42AAF0121049895
:1077C00001F002FB0346059048B9002305931FE72B
:1077D0004FF0FF3202FA03F303EA0808ACE7199D01
:1077E0001A9A002DABBF129B149BEF185E1B079BD0
:1077F000A8BF149EA5EB03051544334B05F1FF35D7
:10780000B8BF129F9D42C2F136024FDA5B1B1F2B9D
:107810004FF00101A2EB03023CDC4FF0000B01FA38
:1078200003FABD18079BAF4216441E443B46A8BF4F
:107830002B46B342A8BF3346002BC2BFED1AF61A3F
:10784000FF1A129B002B16DDDDE904011A4601F038
:1078500079FB05900028B8D00146189A049801F0E9
:10786000C9FA0F9000283FF4D3AE1899049801F09C
:10787000ADF90F9B1893002D1BDC0A9B002B25DD17
:10788000149A0699049801F05DFB0690F0B9002364
:107890000693BDE6C5F17F4505F57F0505F57B45FA
:1078A000E23501FA05FB4FF0010ABAE74FF0000B91
:1078B000F9E72A461899049801F0A0FB18900028CF
:1078C000DBD1A5E678BB000802FCFFFF002E07DD38
:1078D00032460699049801F091FB06900028D6D014
:1078E000002F08DDDDE904013A4601F087FB059031
:1078F00000283FF48DAE069A1899049801F006FC12
:10790000044600283FF484AEC36805990F93002312
:10791000C36001F0DFFB00283CDA0F9B53EA080349
:107920005ED1C9F313034D46002B59D129F0004312
:107930001B0D1B05B3F1D66F52D9636913B92369C7
:10794000012B4DDD21460122049801F057FB0599DA
:10795000044601F0BFFB002842DDA74B079A2B40ED
:10796000002A5FD0B3F1D66F5CD8B3F15C7F7FF6AD
:1079700089AE40464946A14B0022F8F7ADFD9E4B2B
:1079800080460B408946002B7FF44DAE2223049A9B
:10799000136048E64D4662D10F9AC9F3130342B310
:1079A000974A934228D1079B4146EBB1924B4FF047
:1079B000FF322B40B3F1D46F19D81B0DC3F16B0309
:1079C00002FA03F3994217D18E4B9D4202D1013145
:1079D0003FF41EAE4FF00008874B2B4003F5801993
:1079E000079B002BC5D11EE64FF0FF33EAE7134695
:1079F000E8E753EA0803B0D0BBF1000F1BD01BEA45
:107A0000050FEDD00F9B40464946079AB3B1FFF7EB
:107A10006AFB02460B46DDE90C01F8F7A7FB80463E
:107A20008946DDE7A3F580136FEA13594FF0FF385D
:107A30006FEA0959D4E71AEA080FE2E7FFF753FBA8
:107A400002460B46DDE90C01F8F78EFB002200230D
:107A500080468946F8F7A8FF0028C1D012E62046E4
:107A6000059901F0ABFC00224FF0804306460F461B
:107A7000F8F7AEFF00286ED00F9B002B79D1B8F13C
:107A8000000F54D1C9F31303002B56D10022304606
:107A900039465D4BF8F792FF002857D10022304657
:107AA00039465A4BF8F718FD82468B460BF10043D6
:107AB000CDF820A00993504B4F4A2B401393544BC1
:107AC0002A409A42DDE9086740F0A880A5F1547980
:107AD0004046494601F0B2FBDDE90823F8F7FCFC1B
:107AE00042464B46F8F742FB434D4A4A0D40954209
:107AF000804645D90D9A434B9A4203D10C9B0133E2
:107B00003FF486AD4FF0FF38DFF8F89018990498ED
:107B100001F05CF80699049801F058F8DDE90401D9
:107B200001F054F82146049801F050F825E6B8F128
:107B3000010F02D1002D3FF4A5AD0022364B4FF0CE
:107B4000000ACDE90823DFF8C0B0B4E74FF0000A1F
:107B5000DFF8B8B0AAE72D4B002230463946F8F7D7
:107B6000BBFC0F9B82468B46002B9FD0CDE908AB18
:107B7000A1E70022244B92469B46CDE908239AE7D1
:107B800001F15479079B002BC0D129F00043139ACF
:107B90001B0D1B059A42B9D150465946F9F706FB11
:107BA000F8F76CFC02460B4650465946F8F7DCFAEB
:107BB0000F9AC9F3130343EA0803134306460F461B
:107BC00065D009A3D3E90023F8F7F8FE00287FF475
:107BD0002AAD07A3D3E9002330463946F8F70CFF56
:107BE000002893D01FE500BF9535A094FFFFDF3F2D
:107BF00035E5AF350000E03F0000F07F0000503970
:107C0000FFFF0F00FFFFEF7F0000F03F0000E03FAD
:107C10000000E07FFFFF9F7C0000F0BF079B13B3D5
:107C2000139BB3F1D46F1ED825A3D3E9002350468C
:107C30005946F8F7CDFE90B159465046F8F7E6FEA2
:107C4000012838BF0120F8F7CDFB0F9B82468B46F9
:107C5000D3B901F1004310901193DDE91067139A35
:107C600007F1D6639F1ADDE90C0101F0E7FA02463D
:107C70000B4630463946F8F72FFCDDE90C23F8F7C0
:107C800075FA804689467DE7CDE910ABE5E70EA39E
:107C9000D3E90023F8F792FEA2E700230B93179B8A
:107CA000159A1360FFF796BA652A3FF471AB452A1F
:107CB0003FF46EAB01230793FFF7AABBAFF300803D
:107CC0000000C0FFFFFFDF419535A094FFFFCF3FCD
:107CD0000A4601460248034B0068FFF725BA00BF79
:107CE000880100201C000020002310B50446C0E9D4
:107CF0000033C0E90433836081814366C2818361BC
:107D0000194608225C3000F02FFA0D4B24626362A2
:107D10000C4BA3620C4BE3620C4B23630C4B9C4259
:107D200006D003F16802944202D0D0339C4205D1C0
:107D300004F15800BDE8104000F0AEBA10BD00BF1D
:107D4000BD7F0008DF7F0008178000083D80000825
:107D5000DC060020024A0349034800F06BB800BF6C
:107D600010000020159E00088C01002041680C4B7B
:107D700010B59942044601D002F04CF8A168094BB5
:107D8000994202D0204602F045F8E168064B99423C
:107D900004D02046BDE8104002F03CB810BD00BF42
:107DA000DC06002044070020AC0700200C4B0D4AE5
:107DB00010B504211A600C480022FFF795FF0A4B0A
:107DC00001221C46092103F16800FFF78DFF04F131
:107DD000D0000222BDE810401221FFF785BF00BF8E
:107DE00014080020557D0008DC060020014800F042
:107DF00054BA00BF1D080020014800F04FBA00BF70
:107E00001D08002010B50446FFF7F0FF236A1BB1E0
:107E1000BDE81040FFF7F0BF044B2362044B1B6822
:107E2000002BF5D1FFF7C2FFF2E700BF6D7D000820
:107E3000140800202DE9F84307468846144600261A
:107E4000D4E90195B9F1010905D52468002CF7D1D1
:107E50003046BDE8F883AB89012B07D9B5F90E3060
:107E6000013303D029463846C04706436835E9E761
:107E70000FB407B5064904AB086853F8042B8168B2
:107E8000019301F09DFC03B05DF804EB04B0704772
:107E900088010020036A70B505460E4684680BB958
:107EA000FFF7B0FF636EDB0705D4A389980502D402
:107EB000A06D00F0F2F9A389190702D52369002B00
:107EC00035D12146284600F0FBF880B34FF0FF354E
:107ED000636EDA0705D4A3899B0502D4A06D00F078
:107EE000DDF9284670BD002B04DAA269934217DB46
:107EF0000A2915D023685A1C22601970A36816F845
:107F0000011F013BA3600029EDD1002B11DA2246AD
:107F10000A21284600F096F80130D7D00A25D7E785
:107F20002246284600F08EF80130E7D1CEE7013E28
:107F3000E4E723685A1C22600A221A70EEE7000068
:107F4000024B01461868FFF7A5BF00BF880100205B
:107F50000CB430B5184B0C1E1D689DB008DA8B238D
:107F60004FF0FF302B601DB0BDE8304002B07047CD
:107F70004FF40273ADF814304FF000031B930CBFA5
:107F8000234604F1FF33049307934FF6FF730290E7
:107F90000690ADF81630284621AB209A02A901932D
:107FA00001F0EEFA431CBCBF8B232B60002CDAD00F
:107FB0000022029B1A70D6E78801002010B50C46FB
:107FC000B1F90E1000F01AF90028ABBF636DA38958
:107FD0001B1823F48053ACBF6365A38110BD2DE94A
:107FE000F0411F468B890546DB050C46164605D534
:107FF00002230022B1F90E1000F0EEF8A3893246F8
:1080000023F48053A38128463B46B4F90E10BDE803
:10801000F04100F005B910B50C46B1F90E1000F0B2
:10802000DBF8B4F90C30421C0BBF23F4805343F44B
:108030008053A381A38118BF606510BDB1F90E10F4
:1080400000F0BAB8F8B50E461446054618B1036AF2
:108050000BB9FFF7D7FEA369A360A3891A0701D55F
:10806000236943B92146284600F02AF818B14FF099
:10807000FF373846F8BD23682269F6B2981A63695B
:108080003746834205DC2146284601F0C3FE00281E
:10809000EDD1A368013BA36023685A1C22601E70C7
:1080A0006269431C9A4204D0A389DB07E1D50A2EFA
:1080B000DFD12146284601F0ADFE0028D9D0D6E711
:1080C00038B5284B054618680C4618B1036A0BB939
:1080D000FFF798FEB4F90C301A0721D4D80607D45C
:1080E00009222A6043F040034FF0FF30A38130E0C3
:1080F000590712D5616B41B104F14403994202D092
:10810000284600F0E1F8002363630022B4F90C3044
:108110006260226923F02403226043F00803A381F4
:1081200022693AB99A0501D5180603D52146284691
:1081300001F0BCFEB4F90C3013F001020AD00022A9
:10814000A26062695242A261226942B913F08000C2
:10815000C8D138BD990758BF6269A260F4E7002012
:10816000F7E700BF8801002003460244934200D194
:10817000704703F8011BF9E70346C9B2184613F824
:10818000012B12B18A42F9D17047002918BF002093
:10819000704710B56AB10139841810F8012B11F835
:1081A000013F9A4203D1A04201D0002AF5D1D01A52
:1081B00010BD1046FCE7000038B50023054D04460D
:1081C00008462B60FAF7F5F8431C02D12B6803B17F
:1081D000236038BD1808002038B50446084611460B
:1081E0000022054D2A601A46FAF707F9431C02D10E
:1081F0002B6803B1236038BD1808002038B5044649
:10820000084611460022054D2A601A46FAF7B4F8CE
:10821000431C02D12B6803B1236038BD180800202D
:1082200038B50446084611460022054D2A601A4614
:10823000F9F7ECF9431C02D12B6803B1236038BD78
:1082400018080020014B1868704700BF8801002003
:1082500070B500260C4D0D4B5B1B9C10A64209D13E
:10826000002603F00FF90A4D0A4B5B1B9C10A64237
:1082700005D170BD55F8043B98470136EEE755F837
:10828000043B98470136F2E7BCC10008BCC10008B6
:10829000BCC10008C0C100087047704770470A445D
:1082A000914200F1FF3300D1704710B511F8014B36
:1082B000914203F8014FF9D110BD0000002001499F
:1082C000704700BF0000F87F38B50546002940D050
:1082D00051F8043C0C1F002BB8BFE41800F02CFC34
:1082E0001C4A136833B9636014602846BDE83840FF
:1082F00000F028BCA34208D9206821188B4201BF96
:1083000019685B6809182160EDE71A465B680BB1D4
:10831000A342FAD911685018A0420BD12068014439
:10832000501883421160E0D118685B6808441060FF
:108330005360DAE702D90C232B60D6E720682118B6
:108340008B4201BF19685B68091821606360546043
:10835000CBE738BD2408002003692DE9F043B3EBD7
:10836000611F00F114044FEA611246DD11F01F0194
:1083700004EB830604EB82050CD1294600F11007BB
:10838000B14235D39B1A9B00EA1E964238BF0023A8
:10839000234415E0A14654F82270C1F12008CF40D3
:1083A00005F1040E7645F44616D89A1A9200043A5E
:1083B0000135AE4238BF0022A318A75007B10433DD
:1083C000A342A3EB040208BF00234FEAA20202610A
:1083D00008BF4361BDE8F083DCF800C00CFA08FC7C
:1083E0004CEA070749F8047B5EF8047BCF40D9E7E5
:1083F00051F804CB47F804CFC2E72346E0E7A0F1E9
:108400003003092B02D82038C0B27047A0F16103B5
:10841000052B01D84738F7E7A0F14103052B01D818
:108420002738F1E7002070472DE9F04F8A46904643
:1084300085B002930B6801909C1CA14614F8010BB7
:108440003028FAD0A9EB0303A3F1020BFFF7D7FF03
:108450000546002868D1012248469F49FFF799FE4A
:108460000746002867D199F801002646FFF7C7FFA5
:10847000002862D0234618789946302803F101037A
:10848000F9D0FFF7BCFFB0FA80F54FF0010B6D0992
:108490004A46164630780132FFF7B1FF0028F8D17E
:1084A000012230468C49FFF774FE00283FD144B9C1
:1084B000741C2246164630780132FFF7A0FF0028D0
:1084C000F8D1A41BA700337803F0DF03502B3ED173
:1084D00073782B2B33D02D2B34D00024711C0878CB
:1084E000FFF78DFF431EDBB2182B30D8A0F110022E
:1084F00011F8010FFFF783FF00F1FF3C5FFA8CFCDE
:10850000BCF1180F4FF00A031ED904B152421744B0
:10851000CAF80010EDB1BBF1000F0CBF0625002515
:10852000284605B0BDE8F08F00252C46B0E7002CAA
:10853000C7D12746C7E74E462F460125C3E700248B
:10854000B11CCCE70124FBE703FB0200CEE7314678
:10855000DEE72946A6EB0903013B072B0ADC01985D
:1085600000F0F6FA044640B90246E4215B4B5C4851
:1085700001F02EFD01315B10EFE7002300F1140A3A
:1085800055469B46B14537D345F804BBA5EB0A05D4
:10859000AD102561584600F0CBFB6D01D8F80060A6
:1085A0002D1AB54254DDAD1B2946204600F059FF77
:1085B000814678B14FF001096B1E59115AF821100C
:1085C00003F01F0209FA02F20A4203D04B4536DCDF
:1085D0004FF0020929462046FFF7BEFE2F44D8F887
:1085E0000830BB4242DA2146019800F0EFFA00233E
:1085F0000E9AA325136093E716F8012D2E2A12D0A8
:10860000202B04D145F804BB4FF0000B5B463078BB
:108610000393FFF7F4FE039B00F00F0098404BEA32
:10862000000B0433AEE7B145EAD8012230462A49AF
:108630000393FFF7AEFD039B0028E1D1A2E720469C
:10864000A91E00F00EFF0028C2D04FF00309C1E7B9
:1086500009DA751B21462A46019800F0CFFC044632
:108660007F1B00F1140A4FF00009B8E7D8F8045056
:10867000BD426FDDED1BAE4234DCD8F80C30022B6E
:1086800022D0032B24D0012B15D1AE4213D1012EC1
:108690000BD1D8F80430029A6225136001232361BC
:1086A000CAF800300E9B1C603AE72046711E00F0AD
:1086B000D8FE0028EDD12146019800F087FA00236A
:1086C0000E9A502513602BE70F9B002BF3D1E0E7A8
:1086D0000F9B002BDDD1EEE7E6B90008FCB90008DE
:1086E0000DBA00086F1EB9F1000F30D127B139461D
:1086F000204600F0B6FE814601232946761B02255E
:108700007A115AF8222007F01F07BB401342204677
:1087100018BF49F00209FFF71FFED8F80470B9F13D
:10872000000F47D0D8F80C30022B15D0032B17D0F0
:10873000012B09D119F0020F06D0DAF8003049EA0E
:10874000030919F0010F0ED145F0100532E04FF08A
:108750000109D1E70125E2E70F9BC3F101030F9364
:108760000F9B002BF0D04FF0000CD4F810B004F1A8
:1087700014034FEA8B0A03EB8B01184653F8042BC2
:10878000B2F1FF3F1BD001320260022D04F114034D
:108790003CD1D8F80020013AB24209D1012271112E
:1087A00053F8213006F01F0602FA06F61E423AD1AF
:1087B00045F020050E9B1C60029B1F60B0E69942AD
:1087C00043F804CCD9D8A3689B4517DB61680198AE
:1087D000013100F0BDF9814618B902468421194BD8
:1087E000C5E6226904F10C01023292000C30FFF759
:1087F00056FD2146019800F0E9F94C4623695A1CC0
:108800002261012204EB83035A61BEE722695A45C3
:108810000BDD01212046FFF79FFDD8F80830013716
:10882000BB42FFF6E0AE0125C2E716F01F06FAD004
:10883000534453F8040C00F07BFAC6F12006B04212
:10884000E7DBF0E7FCB90008C2F10802920070B55E
:10885000C2F120064368046803FA06F52C43D340AE
:10886000046040F8043F8842F4D370BD30B503681B
:10887000013311F8014B14B90360012030BD13F826
:10888000012BA2F14105192D98BF2032A242F0D050
:108890000020F3E72DE9F04F00250B6882465E11BA
:1088A00002EB860613F01F0318BF0436371F9046ED
:1088B000B9463C46AB4687B00168019346F8045C74
:1088C00002954A784B1C039342B3104605910492DB
:1088D000FFF795FD002853D1049A0599202A18D84E
:1088E000029B9B4513DD4C4506D2072D04DC2A462E
:1088F00049462046FFF7A8FF444554D90023A4F178
:10890000040944F8043C1D464C46CDF808B00399D0
:10891000D7E7292A59D10231CAF80010BBF1000F5C
:1089200053D04C4506D2072D04DC2A464946204642
:10893000FFF78AFF444538D92346A8F1040253F8CB
:10894000041B9F4242F8041FF9D23B1B23F0030390
:108950000134033EB44288BF0023002108F1040221
:1089600013441A4604339F421160FAD23B681BB984
:10897000474528D101233B60052007B0BDE8F08FB3
:108980000135082D0BF1010B06DD4445BFD900234D
:10899000012544F8043C043C226800F00F0040EA42
:1089A00002102060B3E70825B1E7019B002BDDD062
:1089B0004FF0FF32C3F12003DA4056F8043C134075
:1089C00046F8043CD2E7043FD0E70420D5E7000096
:1089D00070B50F4E0C463168054611B901F0DAFA50
:1089E00030602146284601F0D5FA431C03D14FF0F0
:1089F000FF34204670BDC41C24F00304A042F8D00C
:108A0000211A284601F0C6FA0130F2D1EFE700BF83
:108A1000200800202DE9F843CD1C25F0030508357A
:108A20000C2D38BF0C25002D064601DBA94204D9C8
:108A30000C2333600020BDE8F883DFF8D48000F019
:108A40007BF8D8F800301C4644BB29463046FFF777
:108A5000BFFF431C044658D1D8F800402746002FDA
:108A600043D1002C4BD023683946304604EB030930
:108A700001F090FA814542D1216830466D1A2946AD
:108A8000FFF7A6FF01303AD023682B442360D8F8C3
:108A900000305A6862BBC8F800700FE02268521BB1
:108AA00020D40B2A17D96119A342256018BF596039
:108AB000636808BFC8F8001062514B60304600F090
:108AC00041F804F10B00231D20F00700C21A1CBF5F
:108AD0001B1AA350AFE76268A3420CBFC8F800207E
:108AE0005A60EBE723466468AEE73C467F68B6E72A
:108AF0001A465B68A342FBD100235360DEE70C23D8
:108B00003046336000F01EF894E70560D6E700BFFA
:108B10002408002082B001B901A942B14BB11378F9
:108B20000B601278101E18BF012002B0704710466B
:108B3000FBE76FF00100F8E70148FFF7AEBB00BFAD
:108B40001C0800200148FFF7A9BB00BF1C0800203B
:108B500070B5C46905460E4684B9102001F06AFA62
:108B60000446E86128B902466B21164B164801F00D
:108B70002FFA0023C0E901330360C360E36853B9EF
:108B800021220421284601F041FAEB69E060DB680C
:108B90000BB9002070BD53F8260030B1026843F8CD
:108BA00026200023C0E90333F4E7012101FA06F48B
:108BB000621D2846920001F029FA0028E9D0C0E998
:108BC0000164EEE76DBA000884BA000870B5C669A2
:108BD00005460C4676B9102001F02CFA0246E861F1
:108BE00020B98F21084B094801F0F2F9C0E901666C
:108BF0000660C6603CB1EB696268DB6853F822101E
:108C0000216043F8224070BD6DBA000884BA0008A4
:108C10002DE9F04107460C461E4600200D6901F182
:108C2000140CDCF80030013099B202FB01611E0C1B
:108C30000B0C02FB063389B201EB034185424FEA7C
:108C400013464CF8041BECDC0EB3A368AB4219DCF2
:108C5000616838460131FFF77BFF804628B902463C
:108C6000BA210C4B0C4801F0B3F9226904F10C0154
:108C7000023292000C30FFF712FB21463846FFF714
:108C8000A5FF444604EB850301355E61256120465E
:108C9000BDE8F081FCB9000884BA00082DE9F8436A
:108CA000154609221F4608330C4693FBF2F306468D
:108CB000012200219A4209DB3046FFF749FF40B903
:108CC0000246D321184B194801F082F952000131B4
:108CD000F0E7089B092D43614FF00103036116DDA6
:108CE00004F10908C1462C4419F8013B01460A2247
:108CF0003046303BFFF78CFFA145F5D1A844A8F1E1
:108D000008042D1B63199F4204DCBDE8F883092584
:108D10000A34F6E714F8013B01460A223046303B9C
:108D2000FFF776FFEEE700BFFCB9000884BA000841
:108D30000346B0F5803F3ABF030410200020B3F192
:108D4000807F3CBF1B020830B3F1805F3CBF1B013A
:108D50000430B3F1804F3CBF9B000230002B05DB99
:108D600013F0804F00F1010008BF20207047036816
:108D7000024613F007000BD0D90721D4980749BF4A
:108D80005B089B08012013605CBF022013607047E2
:108D900099B209B910201B0CD9B209B908301B0AC5
:108DA000190704BF1B090430990704BF9B08023050
:108DB000D90703D45B0800F1010003D013607047AA
:108DC000002070472020704710B50C460121FFF7A6
:108DD000BFFE024628B940F24511044B044801F099
:108DE000F7F801234461036110BD00BFFCB900081E
:108DF00084BA00082DE9F04FD1F81090D2F810A0F5
:108E00008846D145144685B004DB53460C46CA4615
:108E100090469946A36861680AEB0906B342B8BF59
:108E20000131FFF795FE30B902464FF4B171434B63
:108E3000434801F0CDF800F114052B46002205EB64
:108E40008607BB421FD304F1140C08F114010CEB8C
:108E50008A0301EB890202921A1B153A22F00302DF
:108E600015349C4288BF00220192029A03918A42E3
:108E70000CD8002E03DD57F8043D002B5CD00661B2
:108E800005B0BDE8F08F43F8042BDAE7B1F800A095
:108E9000BAF1000F23D0E046A9464FF0000E58F873
:108EA000042BD9F800401FFA82FBA4B20AFB0B4442
:108EB0007444D9F800E0120C4FEA1E4E0AFB02E29D
:108EC00002EB1442A4B244EA024443454FEA124E74
:108ED00049F8044BE3D8019AAA18C2F804E0039AAF
:108EE0000431B2F80280B8F1000F23D02A68E646B8
:108EF0009146AA464FF0000BBEF8004092B208FB24
:108F000004B404EB194442EA04424AF8042B5EF824
:108F1000042BDAF800904FEA124B1FFA89F208FB93
:108F20000B22734502EB14424FEA124BE4D8019C2A
:108F30002C196260043598E7013E9AE7FCB90008F5
:108F400084BA00082DE9F843174612F00302804660
:108F50000D4607D0264C013A002354F82220FFF793
:108F600057FE0546BF103FD0D8F81C4094B91020DA
:108F700001F060F80446C8F81C0030B9024640F21F
:108F8000B3111C4B1C4801F023F80023C0E9013346
:108F90000360C360A66846B940F271214046FFF7FE
:108FA00013FF00230646A06003602C464FF0000923
:108FB00007F001037F1053B1294632464046FFF7C0
:108FC00019FF214605464046FFF700FE67B13068AD
:108FD00038B9324631464046FFF70CFF3060C0F8E2
:108FE000009006462C46E3E72846BDE8F88300BF1C
:108FF000A0BB00086DBA000884BA00082DE9F84F3C
:109000000C46074615462369496803EB6218A368B6
:109010004FEA621A08F101094B450BDB3846FFF7AE
:1090200097FD064648B902464FF4EF71274B284892
:1090300000F0CEFF01315B00EEE70023194600F19E
:10904000140C00F11002534534DB22692AEAEA7A53
:109050000CEB8A0C04F1140315F01F0E614603EBB0
:1090600082022BD00025CEF1200A8B4618680431ED
:1090700000FA0EF02843CBF8000053F8045B9A4244
:1090800025FA0AF5F1D8131B153B23F0030304F16D
:1090900015018A4238BF00239C44CCF8045005B91E
:1090A000C14638462146C6F81090FFF78FFD30467E
:1090B000BDE8F88F42F8041F0133C4E753F8045B9E
:1090C00004319A4241F8045CF8D8E9E7FCB9000899
:1090D00084BA000803460A69006930B5801A0ED1C7
:1090E0001433143103EB820401EB820154F8045D64
:1090F00051F8042D954203D005D24FF0FF3030BD1A
:10910000A342F3D3FBE70120F9E700002DE9F74F75
:109110008A460646114650461446FFF7DBFF051EF9
:1091200012D129463046FFF713FD024628B940F216
:109130003721404B404800F04BFF0123C0E9043584
:10914000104603B0BDE8F08FBCBF5346A246304680
:10915000DAF80410BABF1C4601250025FFF7F8FC19
:10916000024618B940F24521324BE3E7C56000F1F1
:109170001405AB464FF0000CDAF8107026690AF1BE
:10918000140904F1140E0AF1100309EB87080EEB21
:1091900086060193019B5EF8040B53F804AF81B27D
:1091A00001931FFA8AF35B1A000C6344C0EB1A4068
:1091B00000EB23409BB243EA004376454FEA204C44
:1091C0004BF8043BE6D8331B153B153423F003035F
:1091D000A64238BF0023E8184B441C1D2646043025
:1091E000A5EB0905464506EB050E0ED308F1030174
:1091F000091B21F003010133984538BF00210144C8
:1092000051F8043DA3B117619AE7E24656F8041BF2
:109210001FFA81FCD4444FEA1149514409EB2C490F
:1092200089B241EA09414FEA294CCEF80010D9E74A
:10923000013FE5E7FCB9000884BA00080E4B0B407B
:10924000A3F15073002B08DC5B42B3F1A07F4FEA1F
:10925000235204DA4FF400231341002208E0A2F164
:1092600014031E2BD6BF4FF000420122DA40002328
:1092700019461046704700BF0000F07F0269F8B53C
:1092800000F1140707EB820252F8044C1E4D2046F1
:10929000FFF74EFD0346C0F120000A2BA2F10406A1
:1092A000086012DCB7422CBF002252F8082CC3F130
:1092B0000B0C153324FA0CFE04FA03F322FA0CF219
:1092C0004EEA05011A431046F8BDB74236BFA2F177
:1092D0000806002252F8082C0B3B12D0C3F12005DF
:1092E00022FA05F19C400C43BE4244F07F5194BFEA
:1092F000002456F8044C9A40EC4041F440112243BB
:10930000E1E744EA0501DEE70000F03F2DE97343A1
:10931000012190469946089EFFF71AFC044630B991
:10932000024640F20F31234B234800F051FEC9F3AF
:109330000A55C9F313030DB143F480130193B8F137
:10934000000324D068460093FFF711FD0099E0B1B7
:10935000019AC0F1200302FA03F30B43C240636198
:109360000192019B002B0CBF01220222A36122610A
:10937000ADB1A5F2334505443560C0F13500099B18
:109380001860204602B0BDE870836161E9E701A87A
:10939000FFF7EDFC019B012263612030E7E7A0F2BB
:1093A000324004EB820330601869FFF7C1FCC0EB68
:1093B0004210E4E7FCB9000884BA00082DE9F04F38
:1093C00085B0CDE9001002A9FFF758FF8B4606468D
:1093D0000F46009803A9FFF751FF0D46019B8946F0
:1093E0001969009B04461B693046C91ADDE902323F
:1093F0009B1A03EB4113002BCDBF3A462A46C3EB21
:10940000033302EB035BD8BF02EB03594B46224602
:109410005946F7F78BF905B0BDE8F08F013970B503
:1094200049111469013102F1140300EB810103EBCE
:109430008404051FA3420CD3A31A113B23F003039A
:109440001132944238BF002318440023884205D3C8
:1094500070BD53F8046B45F8046FEBE740F8043B2C
:10946000F4E700F1140200694B11984210B511DBCA
:109470000ADD11F01F0107D052F8234024FA01F051
:1094800000FA01F18C420BD102EB8303934203D823
:10949000002010BD0346F7E753F8041D0029F5D05E
:1094A0000120F6E70346084641B1FF2A04D98A2283
:1094B0004FF0FF301A60704701200A7070472DE9A5
:1094C000F0471F468E688246BE420C4690463346A1
:1094D00053D8B1F90C0010F4906F2BD06569236854
:1094E000096905EB4505A3EB010905EBD5757B1C67
:1094F0006D104B44AB422A4684BF1D462A464305A5
:1095000027D511465046FFF785FA064658B34A4616
:109510002169FEF7C4FEA38923F4906343F080031E
:10952000A38126614E4426603B463E466561A5EB1D
:109530000905A5601F463A464146206800F0EFFC49
:109540000020A3689B1BA36023683B442360BDE805
:10955000F087504600F076FD06460028E1D15046DF
:109560002169FEF7B1FE0C23CAF80030A3894FF041
:10957000FF3043F04003A381E9E73E46DBE700000C
:109580002DE9F0471F468B8906461B060D461446FB
:109590009CB010D50B6973B94021FFF73BFA2860E6
:1095A000286130B90C2333604FF0FF301CB0BDE8A8
:1095B000F08740236B610023099320238DF8293025
:1095C00030234FF001080397644F8DF82A3023466B
:1095D000994613F8012B0AB1252AF9D1B9EB040AEF
:1095E0000BD05346224629463046FFF768FF01302C
:1095F00000F0A480099A5244099299F80030002B97
:1096000000F09C8000234FF0FF32CDE9052309F1E3
:109610000109049307938DF853301A934C460522A1
:1096200014F8011B4D4800F0C5FC049BD0B9D806C6
:1096300044BF20228DF85320190744BF2B228DF8F8
:10964000532099F800202A2A13D04C4600204FF0CE
:109650000A0C079A214611F8013B303B092B49D9E6
:1096600068B913E0C01B08FA00F01843A146049043
:10967000D4E7039A111D12680391002A01DB0792B7
:1096800004E0524243F002030792049323782E2B06
:109690000AD163782A2B32D1039B02341A1D1B682E
:1096A000039243EAE3730593DFF8B490032248463C
:1096B000217800F07FFC38B14022049BA0EB090028
:1096C000824013430134049314F8011B06222548F9
:1096D0008DF8281000F06EFC002835D0224818BB09
:1096E000039B073323F0070308330393099B0344C9
:1096F00009936CE70C4601200CFB0232AAE7002319
:109700004FF00A0C194601340593204610F8012B3E
:10971000303A092A03D9002BC6D00591C4E7044684
:1097200001230CFB0121F0E703AB00932A463046EE
:109730000E4B04A9AFF30080421CD7D1AB895B0666
:109740003FF532AF099831E703AB00932A46304624
:10975000064B04A900F0BAF9EEE700BFDDBA000835
:10976000E3BA0008E7BA000800000000BF94000850
:10977000936810B4013B002B936007DA9469A3420D
:1097800001DB0A2902D110BCFEF75CBC1368581C2F
:1097900010601970084610BC7047F8B506460F46B1
:1097A0001446D518AC4201D1002007E03A463046B5
:1097B00014F8011BFFF7DCFF431CF3D1F8BD0000D8
:1097C0002DE9F0470D4614461F4606469CB018B1D9
:1097D000036A0BB9FEF716FB6B6ED90705D4AB898C
:1097E0009A0502D4A86DFEF758FDAB891B0701D579
:1097F0002B699BB929463046FEF762FC70B16B6E4F
:10980000DC0704D54FF0FF301CB0BDE8F087AB8912
:109810009805F7D4A86DFEF741FDF3E700230993FF
:1098200020238DF8293030234FF001080397694F2A
:109830008DF82A302346994613F8012B0AB1252AC0
:10984000F9D1B9EB040A0BD05346224629463046DB
:10985000FFF7A3FF013000F0A480099A5244099257
:1098600099F80030002B00F09C8000234FF0FF326D
:10987000CDE9052309F10109049307938DF85330CD
:109880001A934C46052214F8011B524800F092FB33
:10989000049BD0B9D90644BF20228DF853201A0763
:1098A00044BF2B228DF8532099F800202A2A13D088
:1098B0004C4600204FF00A0C079A214611F8013B54
:1098C000303B092B49D968B913E0C01B08FA00F0F6
:1098D0001843A1460490D4E7039A111D126803911E
:1098E000002A01DB079204E0524243F00203079290
:1098F000049323782E2B0AD163782A2B32D1039B31
:1099000002341A1D1B68039243EAE3730593DFF8E0
:10991000C89003224846217800F04CFB38B1402221
:10992000049BA0EB0900824013430134049314F814
:10993000011B062229488DF8281000F03BFB002867
:109940003ED0274818BB039B073323F00703083397
:109950000393099B034409936CE70C4601200CFB1D
:109960000232AAE700234FF00A0C1946013405938E
:10997000204610F8012B303A092A03D9002BC6D013
:109980000591C4E7044601230CFB0121F0E703AB7A
:1099900000932A463046134B04A9AFF30080431CC2
:1099A000D7D16B6ED90705D4AB899A0502D4A86DBF
:1099B000FEF774FCAB895B063FF524AF099823E7FB
:1099C00003AB00932A463046064B04A900F07EF80C
:1099D000E5E700BFDDBA0008E3BA0008E7BA00080F
:1099E000000000009B9700082DE9F04716469846B6
:1099F0008A680B6907469342B8BF1346336091F8F3
:109A000043200C46DDF820900AB10133336023680F
:109A1000990642BF336802333360256815F00605A6
:109A200006D104F1190AE36832689B1AAB422BDCB9
:109A300094F843302268003B18BF0123920630D4CB
:109A40004146384604F14302C847013023D0236819
:109A5000226903F00603042B14BF002533684FF07E
:109A6000000608BFE56804F11A0408BFED1A54F8AF
:109A7000123C08BF25EAE5759342C4BF9B1AED1856
:109A8000B5421AD1002008E001235246414638462B
:109A9000C847013003D14FF0FF30BDE8F0870135F2
:109AA000C1E73020E11881F843005A1C94F84510B2
:109AB0002244023382F84310C2E701232246414682
:109AC0003846C8470130E6D00136D9E72DE9F043E2
:109AD0000D7E85B0782D904607460C4699460C9E23
:109AE00001F1430207D8622D0AD8002D00F0D7807B
:109AF000582D00F0BC8004F1420684F842503BE04F
:109B0000A5F16303152BF6D801A151F823F000BF8E
:109B1000699B00087D9B0008F79A0008F79A0008E7
:109B2000F79A0008F79A00087D9B0008F79A00084A
:109B3000F79A0008F79A0008F79A0008859C000831
:109B4000A79B0008379C0008F79A0008F79A0008BE
:109B5000A79C0008F79A0008A79B0008F79A00083E
:109B6000F79A00083F9C000833681A1D1B68326092
:109B700004F1420684F842300123A1E033682068F2
:109B8000191D3160060601D51D6803E04506FBD5A9
:109B9000B3F90050002D03DA2D236D4284F84330D1
:109BA0000A235B4811E021683368080653F8045B18
:109BB00002D4490648BFADB23360237E54486F2BB0
:109BC0005CD10823002184F843106668002EA6604B
:109BD00005DB21682E4321F00401216050D0164698
:109BE000B5FBF3F103FB115C10F80CC006F801CDD6
:109BF000AC4663450D46F3D9082B0BD12368DB0730
:109C000008D5236961689942DEBF302306F8013C1C
:109C100006F1FF36921B2261434621463846CDF8B5
:109C2000009003AAFFF7E0FE01304ED14FF0FF3065
:109C300005B0BDE8F083236843F020032360782556
:109C4000344884F845502368316813F0800F51F888
:109C5000045B03D113F0400F18BFADB23160D907D8
:109C600044BF43F0200323601DB11023AAE7284816
:109C7000E7E7236823F020032360F6E70A23A1E740
:109C80001646B9E733682568181D616930602E06ED
:109C90001B6801D5196002E06806FBD51980002316
:109CA00016462361B8E7336800211A1D32601E682A
:109CB0006268304600F07EF908B1801B606063681E
:109CC0002361002384F84330A6E7324641463846F4
:109CD0002369C8470130A9D023689B0713D4E068E3
:109CE000039B9842B8BF1846A2E70123324641467B
:109CF0003846C847013099D00135E36803995B1AAB
:109D0000AB42F2DCEBE7002504F11906F5E700BFF2
:109D1000EEBA0008FFBA0008B1F90C20F8B5160732
:109D200005460C4651D44B68002B02DC0B6C002B13
:109D300049DDE66A002E46D0002312F480522F68D7
:109D40002B6031D0626DA389590705D56368D21A9B
:109D5000636B0BB1236CD21A00232846E66A216A92
:109D6000B047421CB4F90C3006D129681D2945D8EA
:109D7000274ACA40D60741D5002262602269D90429
:109D8000226004D5421C01D12B6803B96065616B68
:109D90002F60C1B104F14403994202D02846FEF776
:109DA00093FA002363630EE001232846216AB0473B
:109DB0000246501CC7D12B68002BC4D01D2B01D0EC
:109DC000162B19D12F6000201DE00F69002FFAD04B
:109DD000930718BF00230E6808BF4B69F61B0F607E
:109DE0008B60002EEFDD33463A462846216AD4F8D0
:109DF00028C0E047002807DCB4F90C304FF0FF30F2
:109E000043F04003A381F8BD0744361AE9E700BFD9
:109E10000100402038B50B6905460C4613B90025F2
:109E2000284638BD18B1036A0BB9FDF7EBFFB4F94A
:109E30000C30002BF3D0626ED00704D4990502D405
:109E4000A06DFEF72AFA28462146FFF765FF636EEC
:109E50000546DA07E4D4A3899B05E1D4A06DFEF79B
:109E60001DFADDE770B50C46B1F90E101546002954
:109E70001E4696B00ADAA18911F0800113D14FF481
:109E80008062002031602A6016B070BD6A4600F022
:109E90005FF80028EFDB019901F47041A1F5005350
:109EA00059425941EBE700214022EAE78B8973B51B
:109EB0009E0705460C4607D504F14703236023613E
:109EC0000123636102B070BD01AB6A46FFF7CAFFB0
:109ED000009E28463146FEF79DFDB4F90C3038B996
:109EE0009A05EFD423F0030343F00203A381E3E7D1
:109EF00043F08003A381019BC4E904062060002B8A
:109F0000E0D02846B4F90E1000F034F80028D9D07B
:109F1000A38923F0030343F00103A381D2E788421E
:109F200010B501EB020402D98442234607D8431E30
:109F3000A14207D011F8012B03F8012FF8E70244E2
:109F4000824200D110BD13F8011D02F8011DF7E790
:109F500038B50023064D0446084611462B60F8F735
:109F600033FA431C02D12B6803B1236038BD00BF14
:109F70001808002038B50023054D044608462B601C
:109F8000F8F731FA431C02D12B6803B1236038BDC6
:109F90001808002038B50023054D044608462B60FC
:109FA000F8F738FA431C02D12B6803B1236038BD9F
:109FB00018080020034610B5C9B20244934218465F
:109FC00001D1002003E0047801338C42F6D110BDAA
:109FD0001FB514461A46094B05461B68D8684CB194
:109FE000074BCDE9013400912B46064900F058F8A3
:109FF00000F068F8044B1C46F3E700BF880100201E
:10A0000010BB00081DBB00084BBB000870B5A1FBCE
:10A01000025434B92946FEF7FDFC064628B93046FD
:10A0200070BD0C2200260260F9E72A462146FEF7A1
:10A030009BF8F4E7024B01461868FEF7EBBC00BF43
:10A04000880100202DE9F041074614460D4621B94C
:10A050001146BDE8F041FEF7DDBC2AB9FEF734F940
:10A0600025462846BDE8F08100F033F884420646D4
:10A0700002D8B4EB500FF4D821463846FEF7CAFC9C
:10A08000804608B94546ECE7B4422246294628BF37
:10A090003246FEF704F929463846FEF715F9F1E78E
:10A0A0000EB403B5014603AB054853F8042B006812
:10A0B0000193FFF785FB02B05DF804EB03B0704736
:10A0C00088010020062008B500F034F80120F8F7D8
:10A0D00048F951F8043C181F002BBCBF0B58C0189E
:10A0E00070471F2938B505460C4604D9162303606E
:10A0F0004FF0FF3038BDC26B12B152F821304BB96E
:10A10000284600F031F8224601462846BDE838408E
:10A1100000F018B8012B0AD0591C03D11623036094
:10A120000120E7E70021204642F82410984700204C
:10A13000E0E70000024B01461868FFF7D2BF00BFFE
:10A140008801002038B50023064D04460846114614
:10A150002B60F8F7F6F8431C02D12B6803B123609B
:10A1600038BD00BF18080020F8F7E4B800F024BAA2
:10A1700038B5044600F04CF8214605462046F6F76F
:10A1800089FF20B920460021F6F75CFF08B9284670
:10A1900038BDFEF757F82122034600211A60084611
:10A1A000F6F766FE0546284638BD00BF174A20F080
:10A1B0000043934219D900B5B3F1FF4F83B004D3E4
:10A1C0000146F6F797FC03B000BD694600F07CFA43
:10A1D000024602F00302012A009801990DD0022ADA
:10A1E00006D07AB900F0AAF8EDE7002100F0A6B891
:10A1F00000F0A4F800F10040E5E700F067F900F195
:10A200000040E0E7012200F061F9DCE7D80F493FA8
:10A2100020F00042B2F1FF4F2DE9F04104464FD249
:10A22000002A4BD00028034654DB10F0FF424FD1E8
:10A230005B001802114602F10102F9D549420024DF
:10A24000C3F31602A1F17F05CB074FF0190E4FF0B3
:10A25000807C214642F4000258BF52006D1052002B
:10A2600001EB0C039342CFBF134603EB0C01644494
:10A27000D31ABEF1010E4FEA43024FEA5C0CEFD154
:10A28000BBB11A4E1A4F30683968F6F733FCD6F86E
:10A29000008001464046F6F7DFFE50B1306839686D
:10A2A000F6F72AFC366801463046F6F7CBFEC8B111
:10A2B0000234601000F17C5000EBC550BDE8F08125
:10A2C0000146F6F721FD2146F6F716FCBDE8F081C0
:10A2D000C115B4E70146F6F70DFC0146F6F7C8FDD7
:10A2E000BDE8F081013424F00104E2E7A8BD0008D4
:10A2F000A4BD000808B5C0F3C7537F3B162B014629
:10A300000EDC002B024610DB0B481841014205D041
:10A310004FF480011941114421EA0001084608BDAB
:10A32000802BFBD1F6F7E8FB08BD013300F00041BC
:10A33000F4D141F07E51F1E7FFFF7F002DE9F843B2
:10A3400020F00046B6F1485F054688464BD2F6F746
:10A35000B7FE002800F0A18029462846F6F7D4FC75
:10A3600004465049F6F7D0FC4F49F6F7C5FB2146A5
:10A37000F6F7CAFC4D49F6F7BDFB2146F6F7C4FCDB
:10A380004B49F6F7B9FB2146F6F7BEFC4949F6F70B
:10A39000B1FB2146F6F7B8FC4749F6F7ADFB21467D
:10A3A000F6F7B2FC07464FF07C512046F6F7ACFCBE
:10A3B0000346394620461C46F6F7A6FC03464146AE
:10A3C00028461D46F6F7A0FC01462846F6F792FB04
:10A3D00001462046F6F78EFB01464FF07E50F6F719
:10A3E00089FBBDE8F8830146F6F78EFC04462D494B
:10A3F000F6F78AFC2C49F6F77FFB2146F6F784FC3A
:10A400002A49F6F777FB2146F6F77EFC2849F6F74E
:10A4100073FB2146F6F778FC2649F6F76BFB2146DD
:10A42000F6F772FC2449F6F767FB2146F6F76CFC59
:10A43000224B07469E42B6D9214B9E4229D806F1AF
:10A440007F4631464FF07E50F6F754FB814620465A
:10A450004FF07C51F6F758FC3146F6F74BFB0346BC
:10A46000394620461C46F6F74FFC0346414628462F
:10A470001D46F6F749FC01462846F6F73BFB014628
:10A480002046F6F737FB01464846F6F733FBBDE8B2
:10A49000F883DFF830900C4ED9E74FF07E50BDE8DE
:10A4A000F88300BF4ED747ADF6740F317CF293347A
:10A4B000010DD037610BB63AABAA2A3D9999993E66
:10A4C0000000483F0000383F0000903E2DE9F8436F
:10A4D00020F00043B3F1485F04460E46904603D295
:10A4E000F6F7EEFD002858D021462046F6F70CFC82
:10A4F000054620462946F6F707FC294981462846A5
:10A50000F6F702FC2749F6F7F5FA2946F6F7FCFBC1
:10A510002549F6F7F1FA2946F6F7F6FB2349F6F74F
:10A52000E9FA2946F6F7F0FB2149F6F7E5FA07467E
:10A53000B8F1000F22D030464FF07C51F6F7E4FB23
:10A54000394607464846F6F7DFFB01463846F6F738
:10A55000D1FA2946F6F7D8FB3146F6F7CBFA15497A
:10A5600005464846F6F7D0FB01462846F6F7C4FAFA
:10A5700001462046F6F7BEFABDE8F88301462846B4
:10A58000F6F7C2FB0B49F6F7B5FA4946F6F7BCFBFE
:10A590002146F6F7B1FABDE8F8832046BDE8F88316
:10A5A000D3C92E2F342FD7321BEF3836010D503937
:10A5B0008988083CABAA2A3E70B521F00045B5F168
:10A5C000FF4F0A4603462CD820F00046B6F1FF4F55
:10A5D000844626D8B1F17E5F35D08C1704F0020492
:10A5E00044EAD07416B33DB3B5F1FF4F33D0B6F1A2
:10A5F000FF4F21D0761BB6F1F45F4FEAE65028DA20
:10A60000002933DA3C3031DA0020012C3FD0022C13
:10A6100035D02CB12449F6F76FFA2449F6F76AFAD7
:10A6200070BD19461046F6F767FA70BD022C08D0C7
:10A63000032CF5D11E4870BDBCF1000F07DB1D488F
:10A6400070BD1A4870BDBDE8704000F0ABB91A4843
:10A6500070BD1848D9E7B6F1FF4F04F1FF3419D0A7
:10A66000022C1DD8154B53F8240070BD1146184616
:10A67000F6F7FEFB00F0ACFA00F094F9C5E70A49E2
:10A68000F6F73AFA01460948F6F734FA70BD00F1D8
:10A69000004070BD022C05D8094B53F8240070BD52
:10A6A000002070BD074870BD2EBDBB33DB0F494095
:10A6B000DB0F49C0DB0FC93FDB0FC9BFACBD0008D2
:10A6C000B8BD0008DB0F493F2DE9F04FA84A20F044
:10A6D000004595420C4689B06FD9A64A0646954278
:10A6E0001FD820F000450028A34925F00F0540F3AE
:10A6F0001981F6F7FFF9A14B06469D426BD0A049A0
:10A70000F6F7F8F9054630462946F6F7F3F99C497D
:10A71000F6F7F0F9012725606060384609B0BDE81A
:10A72000F08F984A954266D9B5F1FF4F4DD2EF159B
:10A73000863FA5EBC7552846F6F7C2FCF6F790FA18
:10A74000014628460591F6F7D5F94FF08741F6F70F
:10A75000DBFA8046F6F7B4FCF6F782FA0546404687
:10A7600029460695F6F7C6F94FF08741F6F7CCFA79
:10A7700000210790F6F75CFC002800F0B180284625
:10A780000021F6F755FC002814BF012302230225FF
:10A790007D493A46019105A82146009500F01CFA32
:10A7A000002E0746B9DAD4E9002302F1004203F192
:10A7B0000043226063604742AFE7002220604A60A6
:10A7C0000027384609B0BDE8F08F0146F6F792F948
:10A7D00060602060F4E76D49F6F78CF96C49064635
:10A7E000F6F788F9054630462946F6F783F96849B1
:10A7F000F6F780F98EE700F0EBF966498046F6F748
:10A8000083FA4FF07C51F6F777F9F6F759FC0746D3
:10A81000F6F726FA58498346F6F776FA0146404697
:10A82000F6F768F9564982465846F6F76DFA8146BA
:10A8300050464946F6F75EF91F2F80461FDC564BFF
:10A840007A1E53F8222026F0004323F0FF039342A0
:10A8500015D0C4F8008041465046F6F74BF94946FA
:10A86000F6F748F9002E6060BFF657AF08F10048D0
:10A8700000F10040C4F8008060607F424DE7C8F3FB
:10A88000C753C3EBD553082B4FEAE552E1DD3F49EF
:10A8900058460392F6F738FA804650464146F6F796
:10A8A00029F9054650462946F6F724F94146F6F7B8
:10A8B00021F9804636495846F6F726FA4146F6F71A
:10A8C00019F9814628464946F6F714F9039AC0F368
:10A8D000C753D21A192A804604DCAA462060BAE778
:10A8E000032354E72D495846F6F70EFA80462846CA
:10A8F0004146F6F7FFF8824628465146F6F7FAF841
:10A900004146F6F7F7F8054625495846F6F7FCF9AB
:10A910002946F6F7EFF8814650464946F6F7EAF839
:10A92000804696E7F6F7E8F8144B06469D420FD0AE
:10A930001349F6F7E1F8054630462946F6F7DAF806
:10A940000F49F6F7D9F84FF0FF3725606060E4E66D
:10A950000E49F6F7D1F80E490646F6F7CDF805464A
:10A9600030462946F6F7C6F80949F6F7C5F8EAE78A
:10A97000D80F493FE3CB1640800FC93FD00FC93FE6
:10A9800043443537800F494344BE000800443537FF
:10A9900008A3852E84F9223FC4BD000800A3852E9C
:10A9A00032318D242DE9F04120F00045B5F1A14F61
:10A9B0000446074608D3B5F1FF4F73D8002840F38B
:10A9C000A1806F48BDE8F0816E4B9D427AD8B5F109
:10A9D000445F6CD34FF0FF3821462046F6F794F9D8
:10A9E00001460646F6F790F905466749F6F78CF9F1
:10A9F0006649F6F781F82946F6F786F96449F6F7CD
:10AA00007BF82946F6F780F96249F6F775F829468A
:10AA1000F6F77AF96049F6F76FF82946F6F774F910
:10AA20005E49F6F769F83146F6F76EF95C49064675
:10AA30002846F6F769F95B49F6F75CF82946F6F718
:10AA400063F95949F6F756F82946F6F75DF957497B
:10AA5000F6F750F82946F6F757F95549F6F74AF848
:10AA60002946F6F751F901463046F6F745F82146F2
:10AA7000F6F74AF9B8F1FF3F014646D04D4B4E4D2F
:10AA800053F82810F6F736F82146F6F733F8014662
:10AA900055F82800F6F72EF8002F93DA00F1004061
:10AAA000BDE8F0810146F6F727F8BDE8F08143499B
:10AAB000F6F722F84FF07E51F6F7E2FA002889D037
:10AAC00020467FE700F084F83D4B04469D4221D8A4
:10AAD000A3F5D0039D423FD80146F6F70DF84FF09D
:10AAE0007E51F6F707F803464FF0804120461C469A
:10AAF000F6F702F801462046F6F7BAF94FF00008DB
:10AB0000044669E72F48BDE8F0812046F5F7F2FFDB
:10AB1000BDE8F0812C4B9D4216D84FF07F51F5F7E0
:10AB2000E9FF03464FF07F5120461C46F6F7ECF84C
:10AB30004FF07E51F5F7E0FF01462046F6F798F911
:10AB40004FF00208044647E701462048F6F790F91F
:10AB50004FF0030804463FE74FF07E51F5F7CAFF78
:10AB600003464FF07E5120461C46F5F7C5FF0146CF
:10AB70002046F6F77DF94FF0010804462CE700BFA8
:10AB8000DB0FC93FFFFFDF3ED769853C59DA4B3DFC
:10AB9000356B883D6E2EBA3D2549123EABAAAA3EC2
:10ABA00021A215BD6BF16E3D95879D3D388EE33D2D
:10ABB000CDCC4C3E5CC100086CC10008CAF24971A2
:10ABC000FFFF973FDB0FC9BFFFFF1B40000080BFA7
:10ABD00020F00040704700BF2DE9F04FDDB0B34CCE
:10ABE000669D9C468046013B101D54F825A00991A6
:10ABF0000193C0F2C582D31E48BF131DDB1006931C
:10AC00000133DB000A930A9B0699D31A04930CF1D3
:10AC1000FF331AEB0307A1EB030520D401372F44C0
:10AC20003B4620AE3746002493461E46DDF89C91F5
:10AC3000CDF800C008E059F82500F6F711F8013505
:10AC4000B54247F8040B07D0002DF4DA2046013551
:10AC5000B54247F8040BF7D15A46DDF800C0BAF107
:10AC6000000FC0F23F83019800218346A8F104043D
:10AC70000DF18009029409EB8C0948AF4FEA8C056D
:10AC80000AEB0C0304EB8C06002880F2B0810BF178
:10AC9000010B9B4547F8041B09F10409F4D1029B01
:10ACA00054461D440CAB03EB8A03043B07930CABE7
:10ACB00003EB8A03CDF80CA09A460B92CDF820C086
:10ACC0000DEB8403002CD3F820B14FEA84092EDD6C
:10ACD0004B460DF590780CAF08EB09060094A94699
:10ACE0003C465D4637469B464FF06E512846F6F788
:10ACF0000BF8F6F7E5F9F5F7B3FF4FF08741064695
:10AD0000F6F702F801462846F5F7F4FEF6F7D8F90B
:10AD100057F8041D44F8040B3046F5F7EDFE47459F
:10AD20000546E1D15B464D4683469946009CDDF8D9
:10AD300010805846414600F007FB4FF07851064618
:10AD4000F5F7E2FF00F058FB4FF08241F5F7DCFF2A
:10AD500001463046F5F7CEFE0746F6F7B1F906464E
:10AD6000F5F77EFF01463846F5F7C4FE4146002957
:10AD700007467EDD621E0CAB53F82230C8F1080096
:10AD800043FA00F101FA00F01B1AC8F1070843FA70
:10AD900008F80E44B8F1000F0CA941F8223000F376
:10ADA000138100213846F6F743F9002800F0BA80F5
:10ADB000039B9C420CDD002209F130036B4453F8E5
:10ADC000041D534542EA0102F9D1002A40F03681C0
:10ADD000039B0CAA013B52F82330661C002B40F069
:10ADE00004810123079A52F8041D01330029FAD087
:10ADF000E218089B20AF1C44069B07EB840703EB7B
:10AE0000060808F18048679B08F1FF3803EB8808C3
:10AE100048AB99440092CDF814A058F8040FF5F708
:10AE20001FFF019B47F8040B002B1ADBBA460024D6
:10AE3000DDF808B05AF8041D5BF8040FF5F764FF5D
:10AE400001462046F5F758FEAB450446F2D1009B7B
:10AE500001369E4249F8044FDFDD1C46DDF814A0A0
:10AE60002EE70024009B01369E4249F8044FD4DDB2
:10AE7000F3E700F08F804FF07C51F6F7F7F880464B
:10AE800000288ED0002CC8BF4FF0020806F1010642
:10AE900040F31F8200210CAA52F8043B002B75D00E
:10AEA000C3F5807342F8043C07E000BFA8C1000866
:10AEB0001368C3F1FF0342F8043B01318C42F7DC15
:10AEC0000123049A002A0DDD012A00F04F81022A95
:10AED00008D1611E0CAA52F821200CA802F03F02F2
:10AEE00040F82120B8F1020F7FF45BAF39464FF0F4
:10AEF0007E500093F5F7FEFD009B0746002B3FF4C4
:10AF000050AF04994FF07E5000F01EFA01463846CB
:10AF1000F5F7F0FD074600213846F6F789F80028D6
:10AF20007FF446AFDDE90A323846991ADDF80CA005
:10AF300000F00AFA4FF08741A1460446F6F796F86A
:10AF4000002800F0A6814FF06E512046F5F7DCFE98
:10AF5000F6F7B6F8F5F784FE4FF087410546F5F7AA
:10AF6000D3FE01462046F5F7C5FDF6F7A9F80CAB70
:10AF700043F82900049B284608330493F6F7A0F809
:10AF800009F101070CAB43F827006EE001318C4258
:10AF900082DC96E7631E0CAA52F823304FEAE318CE
:10AFA000B8F1000F7FF7FDAE002C06F101063FF768
:10AFB00071AFB8F1020F7FF4F4AE39464FF07E5016
:10AFC000F5F798FD0746ECE6002C06F101063FF781
:10AFD00061AF0499012900F098810229E9D103F0B9
:10AFE0003F030CA941F82230E3E7324601E7CDF8F0
:10AFF00000A09846DA460392CDF814C00795CB46D8
:10B000000024029D5BF8041D55F8040FF5F77CFE43
:10B0100001462046F5F770FDB5420446F2D10AF12B
:10B02000010AC24547F8040B09F10409E7D1DDF82C
:10B0300000A0039ADDF814C0079D30E6DDE903A304
:10B04000671EA3F108020CAB53F82730049263B9D2
:10B0500004F18043013B0CA901EB830353F8041D69
:10B06000013F083A0029F9D004924FF07E5004992C
:10B0700000F06AF9002F0546C0F23A817C1C0CAA48
:10B0800002EB840BA30000964FF06E595E469B4680
:10B0900048AA02EB840456F8040DF5F7E1FD2946B1
:10B0A000F5F732FE494644F8040D2846F5F72CFE24
:10B0B0000CAB9E420546EED10025009EABF1080286
:10B0C00048A901EB0209BAF1000F34AA0196CDF8A4
:10B0D00008804E46A84600971546CDF80CB024DBF4
:10B0E000374600244FF0000BDFF858920EE057F877
:10B0F000041F59F8040BF5F707FE01462046F5F743
:10B10000FBFC0BF1010BDA45044601DBC345EEDD28
:10B11000009A45F8044B904508F10103A6F1040696
:10B1200005D0BAF1000F9846DADA0024F0E7669A03
:10B13000009F022A039BDDE9016852DC002A24DC1F
:10B140000FD1002034AAD41854F8041DF5F7D4FC0C
:10B1500034ABA342F8D1B8F1000F40F0AC80099BAA
:10B16000186006F007005DB0BDE8F08F611E0CAA04
:10B1700052F821200CA802F07F0240F82120B1E60D
:10B1800008230A93002306933DE50025284634AAA8
:10B19000DDF8D0A0D41854F8041DF5F7ADFC34AB9D
:10B1A000A342F8D105465046B8F1000F79D129469F
:10B1B000F5F7A0FC099B1D6067B1012554F8041F39
:10B1C0000135F5F799FCAF42F8DAB8F1000F01D07C
:10B1D00000F10040099B586006F007005DB0BDE833
:10B1E000F08F669B032BBCD1002F00F09C8034AB0A
:10B1F00003EB870BDA46BD0053F8274000955AF859
:10B20000045C20462946F5F777FCA146044628460B
:10B210002146F5F76FFC4946F5F76EFC34ABCAF8EA
:10B2200000004AF8044D5345E9D1012F009D7AD022
:10B230005C591F1D5BF804AC20465146F5F75CFCD9
:10B24000A146044650462146F5F754FC4946F5F719
:10B2500053FCCBF800004BF8044D5F45EAD10020C9
:10B2600034AB2C1D1C4403F1080954F8041DF5F7F8
:10B2700043FCA145F9D1349A359BB8F1000F1DD19B
:10B2800009990A604B60886006F007005DB0BDE870
:10B29000F08F2046F5F714FF0CAB4F4643F829001A
:10B2A000E3E6099A05F1004329461360F5F722FC0D
:10B2B000002F82D18CE700F1004050E7099902F19C
:10B2C000004203F1004300F100400A604B608860D7
:10B2D000DAE739464FF07E50F5F70CFC4FF00208E4
:10B2E00007465EE5A8F1040302934FEA8C05D6E415
:10B2F000669B022B13DC002B17DC7FF432AF00209F
:10B30000B8F1000F3FF42BAFD5E703F07F030CA992
:10B31000B8F1020F41F822307FF443AD4DE6669B51
:10B32000032B7FF41EAF0020A5E73498B8F1000F7F
:10B3300004D04FF00043099A136049E70023099AAB
:10B34000136047E77CC1000810B50C4630F000419F
:10B3500003461DD0B1F1FF4F1BD210F0FF4F024644
:10B360001BD14FF09841F5F7CFFC204A0346944299
:10B370002CDBC0F3C75102464CF250308442A1F19D
:10B38000190110DD18461A4961F31E00F5F7BCFCDF
:10B3900010BD0146F5F7B0FB10BD4CF250308442B1
:10B3A0004FEAD151EEDC2144FE29EBDC002911DC0F
:10B3B00011F1160F13DB01F1190022F0FF424FF0DB
:10B3C0004C5142EAC050F5F79FFC10BD0949F5F712
:10B3D0009BFC10BD22F0FF4242EAC15010BD18464E
:10B3E000044961F31E00F5F78FFC10BDB03CFFFF70
:10B3F000CAF249716042A20D2DE9F041C0F3C75570
:10B400007F3D162D044620F0004717DC002D8046B6
:10B410001FDB194F2F41384213D01849F5F76CFB49
:10B420000021F5F72DFE60B1002C03DA4FF4000384
:10B430002B41984428EA0700BDE8F081B7F1FF4F9F
:10B4400002D22046BDE8F0810146F5F755FBBDE884
:10B45000F0810A49F5F750FB0021F5F711FE0028AD
:10B46000EFD0002C01DB0020ECE717B94FF00040D3
:10B47000E8E70348E6E700BFFFFF7F00CAF2497133
:10B48000000080BFF8B500BFF8BC08BC9E467047FE
:0CB49000F8B500BFF8BC08BC9E46704731
:10B4A0000D0A3D3D3D3D3D3D3D3D3D3D3D3D3D3D2F
:10B4B0003D3D3D3D3D3D3D3D3D3D3D3D3D3D3D3DBC
:10B4C0003D3D3D3D3D3D3D3D3D3D0D002020555721
:10B4D0004220496E646F6F72204C6F63616C697AB1
:10B4E0006174696F6E20E2809420454B46202843AA
:10B4F00056206D6F64656C290D0000003D3D3D3D9B
:10B500003D3D3D3D3D3D3D3D3D3D3D3D3D3D3D3D6B
:10B510003D3D3D3D3D3D3D3D3D3D3D3D3D3D3D3D5B
:10B520003D3D3D3D0D000000416E63686F72733A12
:10B530002025640D0A00000020205325643A2028AD
:10B5400025642E253032642C2025642E253032646B
:10B550002C2025642E25303264290D0A00000000BD
:10B56000475053206F726967696E3A206C61743D71
:10B57000256C64206C6F6E3D256C6420616C743D9D
:10B58000256C640D0A00000057616974696E6720BC
:10B59000666F722055574220646174612E2E2E0D05
:10B5A0000A0D000020205B454B4620524553455470
:10B5B0005D20646976657267656E63652064657495
:10B5C00065637465640D00005B256C755D20783DD6
:10B5D00025642E2530326420793D25642E253032B5
:10B5E00064207A3D25642E253032642020763D2566
:10B5F000642E253032642C25642E253032642020C0
:10B600004750533A20256C642E2530376C642C2526
:10B610006C642E2530376C642C256C642E253033F9
:10B620006C646D0D0A0000000D0A20204E4D45414E
:10B630002066697273742073656E74656E636573DA
:10B640002073656E743A0D002020202025730000C1
:10B650002020202025730D0A0D0A000020204E4DC9
:10B66000454120256C75202D3E20555341525433C1
:10B6700020206669783D256420736174733D2564DC
:10B680002068646F703D252E31660D0A00000000B1
:10B690000D0A20203D3D3D20535441545320283570
:10B6A0007329203D3D3D0D002020656B665F757060
:10B6B00064617465733A20256C75207C20656B6627
:10B6C0005F6E6F6E653A20256C750D0A00000000F4
:10B6D00020206E6D65615F73656E743A20256C7510
:10B6E000207C20646D615F73746174653A20256409
:10B6F0000D0A0000202075617274325F72783A2062
:10B70000256C75206279746573207C2076616C6984
:10B71000645F636E743A2025640D0A002020706116
:10B72000727365723A206F6B3D2564206261643DDF
:10B7300025640D0A0000000020207261773A205B2A
:10B7400025735D0D0A0000000D00000000000000E0
:10B7500003000000010000000400000002000000DF
:10B760000500000025642E253031640025642E2557
:10B770003032640025303364253032642E25303673
:10B78000642C2563000000002530326425303264CB
:10B790002E253036642C25630000000025303258F9
:10B7A0000D0A00004A616E00466562004D6172003C
:10B7B000417072004D6179004A756E004A756C00E7
:10B7C00041756700536570004F6374004E6F7600DB
:10B7D000446563002530326425303264253032649C
:10B7E000000000004A756C203136203230323600BD
:10B7F0002447504747412C25732E30302C25732C7D
:10B8000025732C25642C253032642C25732C25734C
:10B810002C4D2C302E302C4D2C2C2A0024475052ED
:10B820004D432C25732E30302C25632C25732C256D
:10B83000732C25732C25732C25732C302E302C451E
:10B840002C25632A000000002447505654472C251D
:10B85000732C542C302E302C4D2C25732C4E2C2533
:10B86000732C4B2C412A00002E2E2F4472697665D2
:10B8700072732F53544D3332463178785F48414CC0
:10B880005F4472697665722F5372632F73746D33E0
:10B8900032663178785F68616C5F636F7274657867
:10B8A0002E6300002E2E2F447269766572732F531B
:10B8B000544D3332463178785F48414C5F44726969
:10B8C0007665722F5372632F73746D3332663178DD
:10B8D000785F68616C5F646D612E63002E2E2F446B
:10B8E0007269766572732F53544D333246317878CE
:10B8F0005F48414C5F4472697665722F5372632FC3
:10B9000073746D3332663178785F68616C5F67702D
:10B91000696F2E63000000002E2E2F447269766539
:10B9200072732F53544D3332463178785F48414C0F
:10B930005F4472697665722F5372632F73746D332F
:10B9400032663178785F68616C5F7263632E630082
:10B950002E2E2F447269766572732F53544D3332F5
:10B96000463178785F48414C5F4472697665722F42
:10B970005372632F73746D3332663178785F686108
:10B980006C5F756172742E6300000000000000009F
:10B99000000000000000803F0000A0400000000008
:10B9A0000000C03F000000000000A0400000C03FB9
:10B9B0000000A0400000A0400000803F0000000008
:10B9C000000000000102030406070809000000004F
:10B9D0000102030402030405060708090A0B0C0D03
:10B9E0000E0F101001022E006E6600696E697479E8
:10B9F00000616E004300504F5349580042616C6C27
:10BA00006F6320737563636565646564002F627599
:10BA1000696C642F676E752D746F6F6C732D666F14
:10BA2000722D73746D33325F31342E332E72656C28
:10BA3000312E32303235313032372D303730302FF1
:10BA40007372632F6E65776C69622F6E65776C69B0
:10BA5000622F6C6962632F7374646C69622F676410
:10BA6000746F612D6765746865782E630052454573
:10BA70004E54206D616C6C6F6320737563636565F4
:10BA8000646564002F6275696C642F676E752D7430
:10BA90006F6F6C732D666F722D73746D33325F31FF
:10BAA000342E332E72656C312E32303235313032D5
:10BAB000372D303730302F7372632F6E65776C6996
:10BAC000622F6E65776C69622F6C6962632F737485
:10BAD000646C69622F6D707265632E6300232D3074
:10BAE0002B2000686C4C0065666745464700303186
:10BAF00032333435363738394142434445460030D5
:10BB00003132333435363738396162636465660003
:10BB10002C2066756E6374696F6E3A2000617373D2
:10BB2000657274696F6E2022257322206661696CCC
:10BB300065643A2066696C6520222573222C206C8E
:10BB4000696E65202564257325730A0034000000A2
:10BB5000CEFBFFFFCB03000001000000000000004F
:10BB600035000000CEFBFFFFCB030000010000000A
:10BB70000000000000000000BC89D897B2D29C3CB5
:10BB800033A7A8D523F649393DA7F444FD0FA532C4
:10BB90009D978CCF08BA5B25436FAC64280668116B
:10BBA00005000000190000007D00000000000000FA
:10BBB0000080E03779C34143176E05B5B5B89346A9
:10BBC000F5F93FE9034F384D321D30F94877825A75
:10BBD0003CBF737FDD4F1575000000000000F03F93
:10BBE0000000000000002440000000000000594058
:10BBF0000000000000408F40000000000088C340AB
:10BC000000000000006AF8400000000080842E411F
:10BC100000000000D01263410000000084D797416B
:10BC20000000000065CDCD41000000205FA0024271
:10BC3000000000E876483742000000A2941A6D42E6
:10BC4000000040E59C30A2420000901EC4BCD642D9
:10BC500000003426F56B0C430080E03779C3414384
:10BC600000A0D8855734764300C84E676DC1AB43FA
:10BC7000003D9160E458E143408CB5781DAF154418
:10BC800050EFE2D6E41A4B4492D54D06CFF08044F3
:10BC9000F64AE1C7022DB544B49DD9794378EA4408
:10BCA000002020202020202020202828282828208C
:10BCB0002020202020202020202020202020202084
:10BCC00020881010101010101010101010101010EC
:10BCD00010040404040404040404041010101010DC
:10BCE00010104141414141410101010101010101A6
:10BCF00001010101010101010101010110101010F8
:10BD00001010424242424242020202020202020277
:10BD100002020202020202020202020210101010CB
:10BD200020000000000000000000000000000000F3
:10BD30000000000000000000000000000000000003
:10BD400000000000000000000000000000000000F3
:10BD500000000000000000000000000000000000E3
:10BD600000000000000000000000000000000000D3
:10BD700000000000000000000000000000000000C3
:10BD800000000000000000000000000000000000B3
:10BD900000000000000000000000000000000000A3
:10BDA000000000006042A20D0000803F0000008003
:10BDB000DB0F4940DB0F49C0DB0F49BFE4CB164026
:10BDC000E4CB16C0000FC93F000F494000CB96409E
:10BDD000000FC9400053FB4000CB164100ED2F413E
:10BDE000000F49410031624100537B41003A8A41D2
:10BDF00000CB9641005CA34100EDAF41007EBC4109
:10BE0000000FC94100A0D5410031E24100C2EE411E
:10BE10000053FB4100F20342003A0A420083104201
:10BE200000CB164200141D42005C234200A52942AB
:10BE300000ED2F4200363642007E3C4200C74242AF
:10BE4000000F4942A2000000F9000000830000003A
:10BE50006E0000004E0000004400000015000000CD
:10BE600029000000FC00000027000000570000002F
:10BE7000D1000000F500000034000000DD000000EB
:10BE8000C0000000DB000000620000009500000020
:10BE9000990000003C0000004300000090000000FA
:10BEA00041000000FE00000051000000630000009F
:10BEB000AB000000DE000000BB000000C500000079
:10BEC00061000000B7000000240000006E000000C8
:10BED0003A000000420000004D000000D2000000C7
:10BEE000E000000006000000490000002E000000F5
:10BEF000EA00000009000000D100000092000000EC
:10BF00001C000000FE0000001D000000EB0000000F
:10BF10001C000000B100000029000000A700000084
:10BF20003E000000E8000000820000003500000034
:10BF3000F50000002E000000BB00000044000000DF
:10BF400084000000E90000009C0000007000000078
:10BF500026000000B40000005F0000007E0000002A
:10BF6000410000003900000091000000D6000000F0
:10BF70003900000083000000530000003900000079
:10BF8000F40000009C000000840000005F0000003E
:10BF90008B000000BD000000F90000002800000038
:10BFA0003B0000001F000000F800000097000000A8
:10BFB000FF000000DE000000050000009800000007
:10BFC0000F000000EF0000002F0000001100000033
:10BFD0008B0000005A0000000A0000006D00000005
:10BFE0001F0000006D000000360000007E00000011
:10BFF000CF00000027000000CB0000000900000077
:10C00000B70000004F000000460000003F000000A5
:10C01000660000009E0000005F000000EA000000D3
:10C020002D0000007500000027000000BA0000008D
:10C03000C7000000EB000000E5000000F100000078
:10C040007B0000003D0000000700000039000000F8
:10C05000F70000008A00000052000000920000007B
:10C06000EA0000006B000000FB0000005F00000021
:10C07000B10000001F0000008D0000005D00000006
:10C08000080000005600000003000000300000001F
:10C0900046000000FC0000007B0000006B00000078
:10C0A000AB000000F0000000CF000000BC0000006A
:10C0B000200000009A000000F4000000360000009C
:10C0C0001D000000A9000000E30000009100000036
:10C0D000610000005E000000E60000001B000000A0
:10C0E00008000000650000009900000085000000C5
:10C0F0005F00000014000000A000000068000000C5
:10C10000400000008D000000FF000000D80000008B
:10C11000800000004D0000007300000027000000B8
:10C1200031000000060000000600000015000000BD
:10C1300056000000CA00000073000000A8000000C4
:10C14000C900000060000000E20000007B00000069
:10C15000C00000008C0000006B0000006937AC31AB
:10C1600068212233B40F14336821A2333863ED3EC3
:10C17000DA0F493F5E987B3FDA0FC93F0000C93FA5
:10C180000000F0390000DA370000A2330000842EEE
:10C190000000502B0000C2270000D0220000C41F66
:10C1A0000000C61B00004417040000000700000048
:04C1B0000900000082
:08C1B4009C3FFF7F0100000029
:04C1BC003501000841
:04C1C0001101000861
:10C1C4000000803F00127A0010000000010000000F
:10C1D4000000000003000000DC0600204300000013
:10C1E400000000000000000000000000000000004B
:10C1F40000000000000000000000000043000000F8
:10C20400000000000000000000000000000000002A
:10C2140000000000000000000000000043000000D7
:10C22400000000000000000000000000000000000A
:10C2340000000000000000000000000043000000B7
:10C2440000000000000000000000000000000000EA
:10C254000000000000000000000000004300000097
:10C2640000000000000000000000000000000000CA
:10C274000000000000000000000000004300000077
:10C2840000000000000000000000000000000000AA
:10C294000000000000000000000000004300000057
:10C2A400000000000000000000000000000000008A
:10C2B400000000000000000000000000A594000839
:10C2C400158B000800000000A0BC0008E6B90008B7
:10C2D4004BBB00084BBB00084BBB00084BBB000822
:10C2E4004BBB00084BBB00084BBB00084BBB000812
:10C2F4004BBB0008FFFFFFFFFFFFFFFFFFFFFFFF38
:10C30400FFFF0000010041534349490000000000C1
:10C314000000000000000000000000000000000019
:10C3240000000000000041534349490000000000A0
:10C3340000000000000000000000000000000000F9
:10C3440000000000000000008C010020000000003C
:10C35400DC06002044070020AC0700200000000099
:10C3640000000000000000000000000000000000C9
:10C3740000000000000000000000000000000000B9
:10C3840000000000000000000000000000000000A9
:08C394000000000000000000A1
:04000005080044DDCE
:00000001FF
