:020000040800F2
:1000000000500020ED490008BD240008C524000868
:10001000CD240008D5240008DD24000800000000DD
:10002000000000000000000000000000E5240008BF
:10003000F124000800000000FD2400080925000844
:10004000354A0008354A0008354A0008354A000894
:10005000354A0008354A0008354A0008354A000884
:10006000354A0008354A0008354A0008354A000874
:1000700015250008354A0008354A0008354A0008A9
:1000800029250008354A0008354A0008354A000885
:10009000354A0008354A0008354A0008354A000844
:1000A000354A0008354A0008354A0008354A000834
:1000B000354A0008354A0008354A0008354A000824
:1000C000354A0008354A0008354A0008354A000814
:1000D000354A0008354A00083D250008512500082A
:1000E000354A0008354A0008354A0008000000007B
:1000F0000000000000000000000000000000000000
:0C01000000000000000000005FF808F1A3
:1001100010B5054C237833B9044B13B10448AFF341
:1001200000800123237010BDD801002000000000D2
:1001300094B9000808B5034B1BB103490348AFF35A
:10014000008008BD00000000DC01002094B9000818
:10015000034613F8012B002AFBD1181A0138704707
:1001600081F0004102E000BF83F0004330B54FEA68
:1001700041044FEA430594EA050F08BF90EA020FD5
:100180001FBF54EA000C55EA020C7FEA645C7FEA68
:10019000655C00F0E2804FEA5454D4EB5555B8BF8B
:1001A0006D420CDD2C4480EA020281EA030382EAFC
:1001B000000083EA010180EA020281EA0303362D8E
:1001C00088BF30BD11F0004F4FEA01314FF4801C61
:1001D0004CEA113102D0404261EB410113F0004F73
:1001E0004FEA03334CEA133302D0524263EB43032A
:1001F00094EA050F00F0A780A4F10104D5F1200EC8
:100200000DDB02FA0EFC22FA05F2801841F1000122
:1002100003FA0EF2801843FA05F359410EE0A5F1F6
:1002200020050EF1200E012A03FA0EFC28BF4CF027
:10023000020C43FA05F3C01851EBE37101F00045DD
:1002400007D54FF0000EDCF1000C7EEB00006EEBEA
:100250000101B1F5801F1BD3B1F5001F0CD3490874
:100260005FEA30004FEA3C0C04F101044FEA4452CB
:1002700012F5800F80F09A80BCF1004F08BF5FEA52
:10028000500C50F1000041EB045141EA050130BD32
:100290005FEA4C0C404141EB0101013C28BFB1F544
:1002A000801FE9D291F0000F04BF01460020B1FA8F
:1002B00081F308BF2033A3F10B03B3F120020CDA62
:1002C0000C3208DD02F1140CC2F10C0201FA0CF040
:1002D00021FA02F10CE002F11402D8BFC2F1200CA5
:1002E00001FA02F120FA0CFCDCBF41EA0C0190405B
:1002F000E41AA2BF01EB0451294330BD6FEA0404A4
:100300001F3C1CDA0C340EDC04F11404C4F120028E
:1003100020FA04F001FA02F340EA030021FA04F3A0
:1003200045EA030130BDC4F10C04C4F1200220FAF7
:1003300002F001FA04F340EA0300294630BD21FA35
:1003400004F0294630BD94F0000F83F4801306BFFB
:1003500081F480110134013D4EE77FEA645C18BFEF
:100360007FEA655C29D094EA050F08BF90EA020F86
:1003700005D054EA000C04BF1946104630BD91EA7E
:10038000030F1EBF0021002030BD5FEA545C05D181
:100390004000494128BF41F0004130BD14F58004C0
:1003A0003CBF01F5801130BD01F0004545F0FE4134
:1003B00041F470014FF0000030BD7FEA645C1ABF69
:1003C000194610467FEA655C1CBF0B46024650EAA0
:1003D000013406BF52EA033591EA030F41F40021CC
:1003E00030BD00BF90F0000F04BF0021704730B552
:1003F0004FF4806404F132044FF000054FF0000127
:1004000050E700BF90F0000F04BF0021704730B5E7
:100410004FF4806404F1320410F0004548BF4042BC
:100420004FF000013EE700BF42004FEAE2014FEA11
:1004300031014FEA02701FBF12F07F4393F07F4FEC
:1004400081F06051704732F07F4208BF704793F0EF
:100450007F4F04BF41F40021704730B54FF4607402
:1004600001F0004521F000411CE700BF50EA010205
:1004700008BF704730B54FF000050AE050EA0102AE
:1004800008BF704730B511F0004502D5404261EB1E
:1004900041014FF4806404F132045FEA915C3FF45F
:1004A000D8AE4FF003025FEADC0C18BF03325FEAFC
:1004B000DC0C18BF033202EBDC02C2F1200300FAAD
:1004C00003FC20FA02F001FA03FE40EA0E0021FAD2
:1004D00002F11444BDE600BF70B54FF0FF0C4CF4C0
:1004E000E06C1CEA11541DBF1CEA135594EA0C0F72
:1004F00095EA0C0F00F0DEF82C4481EA030621EAAD
:100500004C5123EA4C5350EA013518BF52EA0335E7
:1005100041F4801143F4801338D0A0FB02CE4FF099
:100520000005E1FB02E506F00042E0FB03E54FF0C9
:100530000006E1FB03569CF0000F18BF4EF0010EC1
:10054000A4F1FF04B6F5007F64F5407404D25FEABD
:100550004E0E6D4146EB060642EAC62141EA555170
:100560004FEAC52040EA5E504FEACE2EB4F1FD0CB2
:1005700088BFBCF5E06F1ED8BEF1004F08BF5FEA30
:10058000500E50F1000041EB045170BD06F00046E2
:1005900046EA010140EA020081EA0301B4EB5C048F
:1005A000C2BFD4EB0C0541EA045170BD41F4801187
:1005B0004FF0000E013C00F3AB8014F1360FDEBFAC
:1005C000002001F0004170BDC4F10004203C35DA88
:1005D0000C341BDC04F11404C4F1200500FA05F30B
:1005E00020FA04F001FA05F240EA020001F00042AC
:1005F00021F0004110EBD37021FA04F642EB060122
:100600005EEA430E08BF20EAD37070BDC4F10C044B
:10061000C4F1200500FA04F320FA05F001FA04F20F
:1006200040EA020001F0004110EBD37041F10001FB
:100630005EEA430E08BF20EAD37070BDC4F1200506
:1006400000FA05F24EEA020E20FA04F301FA05F26E
:1006500043EA020321FA04F001F0004121FA04F216
:1006600020EA020000EBD3705EEA430E08BF20EAE6
:10067000D37070BD94F0000F0FD101F00046400020
:1006800041EB010111F4801F08BF013CF7D041EAA2
:10069000060195F0000F18BF704703F000465200A6
:1006A00043EB030313F4801F08BF013DF7D043EA77
:1006B0000603704794EA0C0F0CEA135518BF95EA2D
:1006C0000C0F0CD050EA410618BF52EA4306D1D1B4
:1006D00081EA030101F000414FF0000070BD50EAD3
:1006E000410606BF1046194652EA430619D094EA5D
:1006F0000C0F02D150EA013613D195EA0C0F05D147
:1007000052EA03361CBF104619460AD181EA03019A
:1007100001F0004141F0FE4141F470014FF0000052
:1007200070BD41F0FE4141F4780170BD70B54FF0ED
:10073000FF0C4CF4E06C1CEA11541DBF1CEA13556D
:1007400094EA0C0F95EA0C0F00F0A7F8A4EB05044F
:1007500081EA030E52EA03354FEA013100F0888046
:100760004FEA03334FF0805545EA131343EA12630F
:100770004FEA022245EA111545EA10654FEA0026C4
:100780000EF000419D4208BF964244F1FD0404F57D
:10079000407402D25B084FEA3202B61A65EB0305D9
:1007A0005B084FEA32024FF480104FF4002CB6EB96
:1007B000020E75EB030E22BFB61A754640EA0C0016
:1007C0005B084FEA3202B6EB020E75EB030E22BF56
:1007D000B61A754640EA5C005B084FEA3202B6EB97
:1007E000020E75EB030E22BFB61A754640EA9C0056
:1007F0005B084FEA3202B6EB020E75EB030E22BF26
:10080000B61A754640EADC0055EA060E18D04FEAE3
:10081000051545EA16754FEA06164FEAC30343EA83
:1008200052734FEAC2025FEA1C1CC0D111F4801F50
:100830000BD141EA00014FF000004FF0004CB6E749
:1008400011F4801F04BF01430020B4F1FD0C88BFE8
:10085000BCF5E06F3FF6AFAEB5EB030C04BFB6EBF3
:10086000020C5FEA500C50F1000041EB045170BDE6
:100870000EF0004E4EEA113114EB5C04C2BFD4EB13
:100880000C0541EA045170BD41F480114FF0000E97
:10089000013C90E645EA060E8DE60CEA135594EA13
:1008A0000C0F08BF95EA0C0F3FF43BAF94EA0C0F16
:1008B0000AD150EA01347FF434AF95EA0C0F7FF48B
:1008C00025AF104619462CE795EA0C0F06D152EADF
:1008D00003353FF4FDAE1046194622E750EA4106C3
:1008E00018BF52EA43067FF4C5AE50EA41047FF4D4
:1008F0000DAF52EA43057FF4EBAE12E74FF0FF3C39
:1009000006E000BF4FF0010C02E000BF4FF0010C09
:100910004DF804CD4FEA410C7FEA6C5C4FEA430C82
:1009200018BF7FEA6C5C1BD001B050EA410C0CBFD1
:1009300052EA430C91EA030F02BF90EA020F002033
:10094000704710F1000F91EA030F58BF994208BF9A
:1009500090422CBFD8176FEAE37040F00100704757
:100960004FEA410C7FEA6C5C02D150EA013C07D1AE
:100970004FEA430C7FEA6C5CD6D152EA033CD3D0F9
:100980005DF8040B704700BF8446104662468C46F3
:100990001946634600E000BF01B5FFF7B7FF002826
:1009A00048BF10F1000F01BD4DF808EDFFF7F4FF4F
:1009B0000CBF012000205DF808FB00BF4DF808EDDA
:1009C000FFF7EAFF34BF012000205DF808FB00BFFD
:1009D0004DF808EDFFF7E0FF94BF012000205DF81F
:1009E00008FB00BF4DF808EDFFF7CEFF94BF0120D4
:1009F00000205DF808FB00BF4DF808EDFFF7C4FFCD
:100A000034BF012000205DF808FB00BF4A0011D26E
:100A100012F5001211D20DD56FF47873B3EB625258
:100A20000ED44FEAC12343F0004343EA505323FA64
:100A300002F070474FF00000704750EA013002D1D9
:100A40004FF0FF3070474FF0000070474FEA41020F
:100A5000B2F1E04324BFB3F5001CDCF1FE5C0DD91C
:100A600001F0004C4FEAC0024CEA5070B2F1004F66
:100A700040EB830008BF20F00100704711F0804F69
:100A800021D113F13872BCBF01F00040704741F42E
:100A900080114FEA5252C2F11802C2F1200C10FA32
:100AA0000CF320FA02F018BF40F001004FEAC12316
:100AB0004FEAD32303FA0CFC40EA0C0023FA02F3BA
:100AC0004FEA4303CCE77FEA625307D150EA013390
:100AD0001EBF4FF0FE4040F44000704701F0004060
:100AE00040F0FE4040F40000704700BF80F000403E
:100AF00002E000BF81F0004142001FBF5FEA4103F6
:100B000092EA030F7FEA226C7FEA236C6AD04FEAF5
:100B10001262D2EB1363C1BFD2184140484041403A
:100B2000B8BF5B42192B88BF704710F0004F40F4EC
:100B3000000020F07F4018BF404211F0004F41F408
:100B4000000121F07F4118BF494292EA030F3FD0D4
:100B5000A2F1010241FA03FC10EB0C00C3F12003E7
:100B600001FA03F100F0004302D5494260EB400076
:100B7000B0F5000F13D3B0F1807F06D340084FEAE1
:100B8000310102F10102FE2A51D2B1F1004F40EBD6
:100B9000C25008BF20F0010040EA0300704749003E
:100BA00040EB0000013A28BFB0F5000FEDD2B0FADB
:100BB00080FCACF1080CB2EB0C0200FA0CF0AABFFE
:100BC00000EBC25052421843BCBFD040184370479C
:100BD00092F0000F81F4000106BF80F400000132A2
:100BE000013BB5E74FEA41037FEA226C18BF7FEA79
:100BF000236C21D092EA030F04D092F0000F08BFBB
:100C00000846704790EA010F1CBF0020704712F0A1
:100C10007F4F04D1400028BF40F00040704712F1E0
:100C200000723CBF00F50000704700F0004343F045
:100C3000FE4040F4000070477FEA226216BF08467B
:100C40007FEA23630146420206BF5FEA412390EA3E
:100C5000010F40F4800070474FF0000304E000BF34
:100C600010F0004348BF40425FEA000C08BF7047E5
:100C700043F0964301464FF000001CE050EA0102A9
:100C800008BF70474FF000030AE000BF50EA0102BE
:100C900008BF704711F0004302D5404261EB4101AB
:100CA0005FEA010C02BF84460146002043F0B643D0
:100CB00008BFA3F18053A3F50003BCFA8CF2083AF5
:100CC000A3EBC25310DB01FA02FC634400FA02FCFE
:100CD000C2F12002BCF1004F20FA02F243EB020005
:100CE00008BF20F00100704702F1200201FA02FC67
:100CF000C2F1200250EA4C0021FA02F243EB02005A
:100D000008BF20EADC7070474FF0FF0C1CEAD0529D
:100D10001EBF1CEAD15392EA0C0F93EA0C0F6FD05E
:100D20001A4480EA010C400218BF5FEA41211ED03C
:100D30004FF0006343EA501043EA5111A0FB013128
:100D40000CF00040B1F5000F3EBF490041EAD371FD
:100D50005B0040EA010062F17F02FD2A1DD8B3F179
:100D6000004F40EBC25008BF20F00100704790F0E8
:100D7000000F0CF0004C08BF49024CEA502040EA3A
:100D800051207F3AC2BFD2F1FF0340EAC250704700
:100D900040F400004FF00003013A5DDC12F1190F3E
:100DA000DCBF00F000407047C2F10002410021FAB0
:100DB00002F1C2F1200200FA02FC5FEA310040F1C8
:100DC000000053EA4C0308BF20EADC70704792F041
:100DD000000F00F0004C02BF400010F4000F013A79
:100DE000F9D040EA0C0093F0000F01F0004C02BF74
:100DF000490011F4000F013BF9D041EA0C018FE7E3
:100E00000CEAD15392EA0C0F18BF93EA0C0F0AD0E8
:100E100030F0004C18BF31F0004CD8D180EA01000E
:100E200000F00040704790F0000F17BF90F0004FA7
:100E3000084691F0000F91F0004F14D092EA0C0F89
:100E400001D142020FD193EA0C0F03D14B0218BF1C
:100E5000084608D180EA010000F0004040F0FE4062
:100E600040F40000704740F0FE4040F440007047FE
:100E70004FF0FF0C1CEAD0521EBF1CEAD15392EA7D
:100E80000C0F93EA0C0F69D0A2EB030280EA010C6D
:100E900049024FEA402037D04FF0805343EA111106
:100EA00043EA10130CF000408B4238BF5B0042F164
:100EB0007D024FF4000C8B4224BF5B1A40EA0C0009
:100EC000B3EB510F24BFA3EB510340EA5C00B3EB3B
:100ED000910F24BFA3EB910340EA9C00B3EBD10F29
:100EE00024BFA3EBD10340EADC001B0118BF5FEA7B
:100EF0001C1CE0D1FD2A3FF650AF8B4240EBC250A4
:100F000008BF20F0010070470CF0004C4CEA502064
:100F10007F32C2BFD2F1FF0340EAC250704740F4B3
:100F200000004FF00003013A37E792F0000F00F0A5
:100F3000004C02BF400010F4000F013AF9D040EA23
:100F40000C0093F0000F01F0004C02BF490011F4B7
:100F5000000F013BF9D041EA0C0195E70CEAD153AF
:100F600092EA0C0F08D142027FF47DAF93EA0C0F96
:100F70007FF470AF084676E793EA0C0F04D14B027A
:100F80003FF44CAF08466EE730F0004C18BF31F02C
:100F9000004CCAD130F000427FF45CAF31F0004326
:100FA0007FF43CAF5FE700BF4FF0FF3C06E000BFBF
:100FB0004FF0010C02E000BF4FF0010C4DF804CDE2
:100FC0004FEA40024FEA41037FEA226C18BF7FEAF2
:100FD000236C11D001B052EA530C18BF90EA010FF4
:100FE00058BFB2EB030088BFC81738BF6FEAE17083
:100FF00018BF40F0010070477FEA226C02D15FEA1F
:10100000402C05D17FEA236CE4D15FEA412CE1D08A
:101010005DF8040B704700BF844608466146FFE751
:101020000FB5FFF7C9FF002848BF10F1000F0FBD33
:101030004DF808EDFFF7F4FF0CBF012000205DF82C
:1010400008FB00BF4DF808EDFFF7EAFF34BF0120B1
:1010500000205DF808FB00BF4DF808EDFFF7E0FF4A
:1010600094BF012000205DF808FB00BF4DF808ED9B
:10107000FFF7D2FF94BF012000205DF808FB00BFFE
:101080004DF808EDFFF7C8FF34BF012000205DF8E0
:1010900008FB00BF4FEA40024FEA41037FEA226C9F
:1010A00002D15FEA402C08D17FEA236C02D15FEACB
:1010B000412C02D14FF0000070474FF00100704703
:1010C0004FEA4002B2F1FE4F0FD34FF09E03B3EB55
:1010D00012620DD94FEA002343F0004310F0004F95
:1010E00023FA02F018BF404270474FF000007047EB
:1010F00012F1610F01D1420205D110F0004008BF8A
:101100006FF0004070474FF0000070477BB972B934
:101110000029BEBF00204FF0004106E008BF0028B4
:101120001CBF6FF000414FF0FF3000F0EFB9ADF1A0
:10113000080C6DE904CE002909DB002B1ADB00F056
:101140006BF8DDF804E0DDE9022304B070474042AB
:1011500061EB4101002B1BDB00F05EF8DDF804E0E1
:10116000DDE9022304B0404261EB4101524263EBEE
:1011700043037047524263EB430300F04DF8DDF840
:1011800004E0DDE9022304B0404261EB4101704715
:10119000524263EB430300F03FF8DDF804E0DDE981
:1011A000022304B0524263EB4303704738B5002278
:1011B000002304460D46FFF701FC28B920462946C6
:1011C000BDE8384000F00AB8204605F1004100F0C3
:1011D00005F8404261EB410138BD00BFD0B50022A7
:1011E0000B4B06460F46FFF777F9FFF70FFC044657
:1011F000FFF7F8F80022074BFFF76EF902460B469F
:1012000030463946FEF7B0FFFFF700FC2146D0BD5F
:101210000000F03D0000F0412DE9F047089D0F4629
:1012200004468E46002B48D18A42164661D9B2FA4E
:1012300082F24AB1C2F1200301FA02FE20FA03F35E
:10124000964043EA0E0E94404FEA164CBEFBFCF16A
:10125000B7B20CFB11EE01FB07F0230C43EA0E437F
:10126000984209D9F31801F1FF3E80F0ED809842D1
:1012700040F2EA80023933441B1AB3FBFCF00CFB4A
:10128000103300FB07F7A4B244EA0344A74209D98C
:10129000341900F1FF3380F0D980A74240F2D680A4
:1012A0003444023840EA01400021E41B1DB1002310
:1012B000D440C5E90043BDE8F0878B4206D90DB1A3
:1012C000C5E9000100210846BDE8F087B3FA83F1C3
:1012D000002947D1BB4202D3824200F20481841A22
:1012E00067EB030201209646002DE4D0C5E9004ECD
:1012F000E1E7002A00F09080B2FA82F2002A40F082
:10130000A780881B0121370C1FFA86FEB0FBF7FC73
:1013100007FB1C00230C43EA00430EFB0CF0984231
:1013200007D9F3180CF1FF3802D2984200F2E0809E
:10133000C4461B1AB3FBF7F007FB10330EFB00FE8D
:10134000A4B244EA0344A64507D9341900F1FF3397
:1013500002D2A64500F2C9801846A4EB0E0440EA6A
:101360000C40A3E7C1F120068B4022FA06FC4CEAB0
:10137000030C27FA06FA4FEA1C49BAFBF9F88F402A
:1013800020FA06F309FB18AA1FFA8CFE3B4300FA69
:1013900001F708FB0EF01C0C44EA0A44A04202FAD2
:1013A00001F20BD91CEB040408F1FF3A80F099809C
:1013B000A04240F29680A8F102086444241A98B230
:1013C000B4FBF9F309FB134403FB0EFE40EA0444AB
:1013D000A64508D91CEB040403F1FF307FD2A645D3
:1013E0007DD9023B644443EA0840A4EB0E04A0FB11
:1013F000028E74454346F14661D35ED055B1FA1A68
:1014000064EB090404FA06F622FA01F31E43CC4009
:10141000C5E9006400214EE743084FEA510C43EA56
:10142000C1710A0C42EA0C428BB2C407B2FBF6F15E
:1014300043EA0243BCFBF6FCB646304637461F2261
:10144000181A41EA0C4161E7714615E7184629E789
:10145000C2F1200321FA03F0964024FA03F39740E7
:101460003B43370CB0FBF7F807FB18001FFA86FE6A
:10147000190C41EA004108FB0EF0884204FA02F41C
:101480003AD9711808F1FF3C01D288421ED8091AD6
:10149000B1FBF7F808FB0EF007FB18119BB243EA0B
:1014A000014383422FD2F31808F1FF31C8D283429F
:1014B000C6D2A8F102013344C2E747459ED2B8EB39
:1014C00002036EEB0C0E0138F14697E7301A014427
:1014D000A8F1020CB1FBF7F808FB0EF0DCE70346BD
:1014E00081E7D0466AE70846FEE63444023834E72E
:1014F000ACF1020C33441CE7091AC446B1FBF7F8FF
:1015000008FB0EF0C8E741469AE700BF704700BFEE
:1015100080B582B000AF104B5B690F4A43F0010306
:1015200053610D4B5B6903F001037B607B68002214
:1015300000210C2003F0CEFB0C2003F0F7FB00226F
:101540000021102003F0C6FB102003F0EFFB00BFCA
:101550000837BD4680BD00BF0010024080B588B08E
:1015600000AF07F1100300221A605A609A60DA6037
:10157000244B9B69234A43F010039361214B9B69E1
:1015800003F01003FB60FB681E4B9B691D4A43F090
:10159000200393611B4B9B6903F02003BB60BB6876
:1015A000184B9B69174A43F004039361154B9B69E1
:1015B00003F004037B607B68124B9B69114A43F084
:1015C000080393610F4B9B6903F008033B603B6882
:1015D00000224FF400510C4804F09AF94FF40053E4
:1015E0003B6101237B610023BB610223FB6107F1A7
:1015F00010031946044803F01DFF00BF2037BD4605
:1016000080BD00BF001002400010014080B584B0D2
:1016100000AFF860B9607A607B689AB26423B968F9
:10162000064804F0EFFF0346002B01D07B6800E082
:101630007B6818461037BD4680BD00BF6805002096
:1016400080B584B000AFF860B9607A603B600F4B42
:101650001B78002B16D10E4ABB6813600D4A7B68BD
:1016600013600D4A3B681360084B01221A70F8683A
:10167000FEF76EFD03469BB21A46F968074805F06F
:1016800071F800E000BF1037BD4680BD5405002052
:10169000580500205C05002060050020F8050020AA
:1016A00090B583B000AF78607B681B680D4A9342A9
:1016B00013D10D4B1B6801330B4A13600B4B1C7885
:1016C00003F012FA03461A462146094803F0C2F80D
:1016D00001220649074805F020F800BF0C37BD4637
:1016E00090BD00BF00440040F8010020F40100203C
:1016F000FC010020B005002090B583B000AF7860F9
:101700007B681B68294A93424BD1294B1B78013BCC
:10171000032B45D801A252F823F000BF2D17000873
:10172000511700087517000899170008204B02226E
:101730001A70204B1C681F4B1B681846FEF708FDEB
:1017400003469BB21A4621461B4805F00BF828E0D9
:10175000174B03221A70194B1C68184B1B6818464C
:10176000FEF7F6FC03469BB21A462146124804F0E7
:10177000F9FF16E00E4B04221A70114B1C68104B37
:101780001B681846FEF7E4FC03469BB21A46214646
:10179000094804F0E7FF04E0054B00221A7000E05E
:1017A00000BF00BF0C37BD4690BD00BF00480040E1
:1017B0005405002058050020F80500205C05002095
:1017C0006005002080B586B000AF78607B681B683C
:1017D0001B4A934225D100237B617B681B681B68F1
:1017E0007B617B681B685B687B617B6900233B6175
:1017F0007B681B681B683B617B681B685B683B619F
:101800003B690023FB607B681B681B68FB607B688F
:101810001B685B68FB60FB6801220A490A4804F008
:101820007CFF7B681B68094A934205D1084805F094
:1018300009F8084B00221A7000BF1837BD4680BD5A
:1018400000440040F4010020B005002000480040A2
:10185000F8050020540500202DE9F041C8B014AF70
:1018600003F0EAF800F0A2FDFFF778FEFFF750FE64
:1018700000F024FF00F04CFF00F074FF894802F0F4
:10188000E3FE04228849894801F0BAF8884987486C
:1018900001F090F9874802F055FC012286498748FB
:1018A00004F03BFF03F020F90346854A13608548A6
:1018B00006F0CEFD844806F0CBFD844806F0C8FD56
:1018C000834806F0C5FD0421824806F059FD002337
:1018D000C7F8CC30AAE07449D7F8CC2013465B0097
:1018E00013449B000B441B687B491846FFF70CFA16
:1018F00003464FF07C511846FFF7FEF803461846A2
:10190000FFF7DEFB0346C7F88C306749D7F8CC20D9
:1019100013465B0013449B000B4404331B686E4961
:101920001846FFF7F1F903464FF07C511846FFF7D0
:10193000E3F803461846FFF7C3FB0346C7F88830B1
:101940005949D7F8CC2013465B0013449B000B4445
:1019500008331B6860491846FFF7D6F903464FF075
:101960007C511846FFF7C8F803461846FFF7A8FB56
:101970000346C7F88430D7F8CC3003F1010CD7F810
:101980008C30564A82FB03125211DB17A2EB030E76
:10199000D7F88C30002BB8BF5B42504A82FB031251
:1019A0005111DA17881A642200FB02F2981AD7F84C
:1019B00088304A4A82FB03125211DB17D41AD7F837
:1019C000883083EAE372A2EBE372444B83FB021399
:1019D0005911D317CB1A642101FB03F3D31AD7F89B
:1019E00084203E4981FB02514911D2178D1AD7F844
:1019F000842082EAE271A1EBE271384A82FB016243
:101A00005611CA17B21A642606FB02F28A1A03920A
:101A1000029501930094034672466146304806F0F1
:101A2000AFFCD7F8CC300133C7F8CC30D7F8CC3086
:101A3000032B7FF750AF4FF496632A4A2A492B486D
:101A400006F09EFC2A4806F003FD03F04DF8C7F8A7
:101A5000C800284B1B68D7F8C820D31A132B40F2B4
:101A60004E84244AD7F8C8301360D7F8C8100D4800
:101A700002F024FF0346022B40F3498307F174016F
:101A8000D7F8C8300422074802F058FFC7F8C4004E
:101A9000D7F8C430002B31D1174B1B680133164ADD
:101AA000136030E0FC01002054BF000880020020D9
:101AB000CDCCCC3F88030020F4010020B0050020ED
:101AC00050050020B0B90008DCB900080CBA0008C5
:101AD00040BA00086CBA00080000C8421F85EB51EC
:101AE0007CBA000888B6E746F8552413A4BA000863
:101AF000CCBA00083805002040050020A64B1B6822
:101B00000133A54A136007F17401D7F8C830A34A1E
:101B1000A34801F01BFDC7F8C00007F16C0107F1F5
:101B2000700207F15C03039307F16003029307F16E
:101B30006403019307F1680300930B46D7F8C810BC
:101B4000974801F091FE3B6F23F0004401231D46AE
:101B500094492046FFF79EFA0346002B08D191498D
:101B60002046FFF78DFA0346002B01D100231D46C6
:101B7000EBB283F00103DBB2002B00F0B182FB6E0D
:101B800023F0004401231D4686492046FFF782FAD0
:101B90000346002B08D183492046FFF771FA03461C
:101BA000002B01D100231D46EBB283F00103DBB211
:101BB000002B00F09582BB6E23F0004401231D46EC
:101BC00078492046FFF766FA0346002B08D175498D
:101BD0002046FFF755FA0346002B01D100231D468E
:101BE000EBB283F00103DBB2002B00F079823B6F94
:101BF0006D4A1360FB6E6D4A1360BB6E6C4A1360D6
:101C00007B6E6C4A13603B6E6B4A13606B4B012218
:101C10001A60D7F8C030002B09DD694B1B6801330F
:101C2000674A1360674B1B680133664A1360386F5D
:101C3000F96EBA6E07F15003049307F1540303934E
:101C400007F1580302934FF4966301935E4B0093A0
:101C50005E4B02F0C3F90023FB640023BB644FF02A
:101C600000037B6407F1480107F14C0207F14403CC
:101C700000930B46D7F8C810494801F0A3FED7F8E7
:101C8000C810474801F06EFEC7F8BC007B6C504995
:101C90001846FFF739F803464FF07C511846FEF717
:101CA0002BFF03461846FFF70BFA0346C7F8B83078
:101CB0003B6F47491846FFF727F803461C463B6F22
:101CC0004FF000011846FFF7D1F90346002B02D070
:101CD0004FF07C5301E04FF03F4321461846FEF79A
:101CE0000BFF03461846FFF7EBF90346C7F8B4307D
:101CF000FB6E37491846FFF707F803461C46FB6E94
:101D00004FF000011846FFF7B1F90346002B02D04F
:101D10004FF07C5301E04FF03F4321461846FEF759
:101D2000EBFE03461846FFF7CBF90346C7F8B03081
:101D3000BB6E27491846FEF7E7FF03461C46BB6EFD
:101D40004FF000011846FFF791F90346002B02D02F
:101D50004FF07C5301E04FF03F4321461846FEF719
:101D6000CBFE03461846FFF7ABF90346C7F8AC3085
:101D70007B6E17491846FEF7C7FF03461C467B6E6D
:101D80004FF000011846FFF771F90346002B21D0F0
:101D90004FF07C5320E000BF3C0500206002002093
:101DA00080020020FFFF7F7F180500201C05002017
:101DB0000000002020050020240500202805002028
:101DC000340500204405002088B6E746F855241362
:101DD0000000C8424FF03F4321461846FEF78CFEF4
:101DE00003461846FFF76CF90346C7F8A8303B6E68
:101DF000B5491846FEF788FF03461C463B6E4FF078
:101E000000011846FFF732F90346002B02D04FF0CD
:101E10007C5301E04FF03F4321461846FEF76CFE2D
:101E200003461846FFF74CF90346C7F8A430FB6D8C
:101E3000A5491846FEF768FF03461C46FB6D4FF0A8
:101E400000011846FFF712F90346002B02D04FF0AD
:101E50007C5301E04FF03F4321461846FEF74CFE0D
:101E600003461846FFF72CF90346C7F8A03002F0E6
:101E70003BFE0346954AA2FB03234FEA931ED7F885
:101E8000B430934A82FB03125211DB17A2EB030812
:101E9000D7F8B430002BB8BF5B428D4A82FB0312E7
:101EA0005111DA17A1EB020C642202FB0CF2A3EB36
:101EB000020CD7F8B030864A82FB03125211DB17AE
:101EC000D31A7B63D7F8B030002BB8BF5B42804A8F
:101ED00082FB03125111DA178A1A1146642201FBA0
:101EE00002F29A1A3A63D7F8AC30794A82FB0312AD
:101EF0005211DB17D11AF962D7F8AC30002BB8BFFA
:101F00005B42734A82FB03125111DA17881A64226A
:101F100000FB02F2981AB862D7F8A8306C4A82FB2C
:101F200003125211DB17D41A7C62D7F8A830002BA9
:101F3000B8BF5B42664A82FB03125111DA178D1A51
:101F4000642205FB02F29D1A3D62D7F8A430604A74
:101F500082FB03125211DB17D61AFE61D7F8A430A8
:101F6000002BB8BF5B425A4A82FB03125111DA17A9
:101F70008A1A1146642201FB02F29B1ABB61D7F850
:101F8000A030534A82FB03125211DB17D21A7A6136
:101F9000D7F8A03083EAE371A1EBE3714C4B83FBEC
:101FA00001235A11CB17D61A642306FB03F3CE1A6A
:101FB000F96C3961D7F8B810454B83FB01235A11EE
:101FC000CB17D11AF960D7F8B83083EAE371A1EBE7
:101FD000E3713F4B83FB01235A11CB17D41A6423BF
:101FE00004FB03F3CC1AB96D3A4B83FB01239A151A
:101FF000CB17D01AB860B96D364B83FB01239A1505
:10200000CB17D31A344A02FB03F3CB1A83EAE375E6
:10201000A5EBE3757D60796D2E4B83FB01239A154B
:10202000CB17D51A3D60796D2A4B83FB01239A1596
:10203000CB17D31A284A02FB03F3CB1A83EAE375C2
:10204000A5EBE375396D214B83FB01239A11CB1767
:10205000D01A396D1D4B83FB01239A11CB17D31A6C
:102060004FF47A7202FB03F3CB1A002BB8BF5B422A
:102070001393129011953D6810957D680F95B8687F
:102080000E900D94F8680C90D7F8BC300B9339691A
:102090000A9109967A690892BB690793FE690696C8
:1020A0003D6A05957C6A0494B86A0390F96A0291C6
:1020B0003A6B01927B6B0093634642467146074838
:1020C00006F05EF923E000BF0000C842D34D621065
:1020D0001F85EB516BCA5F6B80969800E8BA0008C9
:1020E00004228849884800F08BFC8849864800F023
:1020F00061FD874B00221A60864B1B680133854ABD
:102100001360844B1B681946834806F039F9834BEA
:102110001B68D7F8C820D31AC72B40F2A2807F4A89
:10212000D7F8C83013607E4B1B78002B40F09980A5
:1021300000233B640023FB637A4BBB6307F13C0144
:1021400007F1400207F1380300930B46D7F8C81097
:102150006D4801F037FC6E4B1B68002B03D1002348
:102160003B640023FB63704B1E68704BD3F800C0C8
:102170006F4BD3F800E06F4B1B686F4A1268D7F8BB
:10218000C8106E48A0FB01018909386CFC6BBD6B5F
:1021900008950794069005914FF49661049168495B
:1021A0000391684902910192009373466246314659
:1021B000654801F0DBFF644802F01AFAC7F89C009A
:1021C000614802F01FFAC7F898005F4802F025FA4C
:1021D000C7F894005C4802F02BFAC7F89000D7F8D3
:1021E0009030D7F89420D7F89810D7F89C00FFF7D4
:1021F00027FA564B1B680133544A1360544B1B6833
:102200000133534A1360514B1B68012B16D15148BF
:1022100006F01EF9D7F89C104F4806F0B1F8D7F831
:1022200098104D4806F0ACF8D7F894104A4806F0DC
:10223000A7F8D7F89010494806F0A2F8434B196860
:10224000474BA3FB0123DA0813469B0013449A0073
:102250001344CA1A002A04D1D7F89C10414806F04A
:102260008FF8414B1B68D7F8C820D31A41F2873248
:1022700093427FF6EAAB3C4AD7F8C83013603B483C
:1022800006F0E6F83A4B19683A4B1A683A4B186868
:10229000204B1B6800930346384806F071F82C4B1E
:1022A0001B681F4A12781946354806F069F8354B05
:1022B0001968354B1A68354B1B68354806F060F8CD
:1022C000134B1C6802F010FC03461946314802F01B
:1022D000F5FA03461A4621462F4806F051F82F4BCF
:1022E0001B68002B06D02E492E4806F049F82B4BD0
:1022F00000221A602C4806F0ABF8FFF7A6BB00BF1F
:10230000FFF7A3BB54BF000880020020CDCCCC3F18
:10231000280500204805002074BB00083005002077
:10232000540500200000C642180500201C050020AE
:10233000000000202005002024050020D34D62105D
:1023400088B6E746F8552413880300202C050020A2
:102350004C0500209CBB0008BCBB0008C4BB0008A7
:102360001F85EB51D0BB000850050020E0BB0008E2
:102370003C0500204005002044050020F8BB000873
:102380002CBC0008F80100201007002014070020D2
:1023900050BC0008FC01002084BC00080C07002091
:1023A000CC060020A4BC0008B8BC000880B590B0E2
:1023B00000AF07F1180328220021184606F05CF947
:1023C0003B1D00221A605A609A60DA601A6101238C
:1023D000BB614FF48033FB6100233B620123BB628E
:1023E00002237B634FF48033BB634FF4E013FB6342
:1023F00007F11803184603F0B7FA0346002B01D083
:1024000000F019F80F237B600223BB600023FB6000
:102410004FF480633B6100237B613B1D0221184622
:1024200003F010FE0346002B01D000F004F800BFBB
:102430004037BD4680BD80B400AF72B600BF00BF5C
:10244000FDE780B483B000AF7860396000BF0C371F
:10245000BD4680BC7047000080B485B000AF154B0E
:102460009B69144A43F001039361124B9B6903F08B
:102470000103BB60BB680F4BDB690E4A43F080531E
:10248000D3610C4BDB6903F080537B607B680A4BA4
:102490005B68FB60FB6823F0E063FB60FB6843F074
:1024A0000073FB60044AFB68536000BF1437BD46ED
:1024B00080BC7047001002400000014080B400AFB3
:1024C00000BFFDE780B400AF00BFFDE780B400AF00
:1024D00000BFFDE780B400AF00BFFDE780B400AFF0
:1024E00000BFFDE780B400AF00BFBD4680BC7047B1
:1024F00080B400AF00BFBD4680BC704780B400AF61
:1025000000BFBD4680BC704780B500AF02F0DAFA6C
:1025100000BF80BD80B500AF024802F04DFE00BF95
:1025200080BD00BF8406002080B500AF024802F0E5
:1025300043FE00BF80BD00BF4006002080B500AF55
:10254000024804F0E7F900BF80BD00BFB0050020DD
:1025500080B500AF024804F0DDF900BF80BD00BFC8
:10256000F805002080B400AF01231846BD4680BCAA
:10257000704780B582B000AF7860396006F0EAF845
:10258000034616221A604FF0FF3318460837BD463F
:1025900080BD80B582B000AF78604FF0FF317868C1
:1025A000FFF7E7FF00BFFDE780B586B000AFF8603A
:1025B000B9607A6000237B610AE0AFF300800146D6
:1025C000BB685A1CBA60CAB21A707B6901337B615E
:1025D0007A697B689A42F0DB7B6818461837BD46FB
:1025E00080BD80B483B000AF78604FF0FF331846F1
:1025F0000C37BD4680BC704780B483B000AF7860B4
:1026000039603B684FF400525A60002318460C377B
:10261000BD4680BC704780B483B000AF78600123B2
:1026200018460C37BD4680BC704780B485B000AFFB
:10263000F860B9607A60002318461437BD4680BC44
:102640007047000080B586B000AF7860144A154B23
:10265000D31A7B617B693B61134B1B68002B02D152
:10266000114B124A1A60104B1A687B6813443A697E
:102670009A4207D206F06EF803460C221A604FF019
:10268000FF3309E0084B1B68FB60074B1A687B6847
:102690001344054A1360FB6818461837BD4680BDD1
:1026A000005000200004000064050020680800209D
:1026B00080B400AF00BFBD4680BC704780B500AF9E
:1026C000114B124A1A60104B4FF4E1325A600E4B14
:1026D00000229A600C4B0022DA600B4B00221A6138
:1026E000094B0C225A61084B00229A61064B0022CA
:1026F000DA61054803F0DAFE0346002B01D0FFF74C
:102700009AFE00BF80BD00BF680500200038014070
:1027100080B500AF114B124A1A60104B4FF496422D
:102720005A600E4B00229A600C4B0022DA600B4B71
:1027300000221A61094B0C225A61084B00229A614F
:10274000064B0022DA61054803F0B0FE0346002B79
:1027500001D0FFF770FE00BF80BD00BFB0050020B4
:102760000044004080B500AF114B124A1A60104B74
:102770004FF461425A600E4B00229A600C4B0022CB
:10278000DA600B4B00221A61094B0C225A61084B8C
:1027900000229A61064B0022DA61054803F086FEAA
:1027A0000346002B01D0FFF746FE00BF80BD00BFEF
:1027B000F80500200048004080B58CB000AF78607C
:1027C00007F1200300221A605A609A60DA607B6881
:1027D0001B68814A934232D1804B9B697F4A43F404
:1027E000804393617D4B9B6903F48043FB61FB69EC
:1027F0007A4B9B69794A43F004039361774B9B6959
:1028000003F00403BB61BB694FF400733B62022316
:102810007B620323FB6207F120031946704802F034
:1028200009FE4FF480633B6200237B620023BB629E
:1028300007F1200319466A4802F0FCFDC8E07B68F6
:102840001B68684A93425ED1644BDB69634A43F478
:102850000033D361614BDB6903F400337B617B6937
:102860005E4B9B695D4A43F0040393615B4B9B693C
:1028700003F004033B613B6904233B6202237B6258
:102880000323FB6207F120031946554802F0D2FDED
:1028900008233B6200237B620023BB6207F1200315
:1028A00019464F4802F0C6FD4F4B504A1A604E4B36
:1028B00000225A604C4B00229A604B4B8022DA6017
:1028C000494B00221A61484B00225A61464B202294
:1028D0009A61454B0022DA61434802F04BFA034605
:1028E000002B01D0FFF7A7FD7B683F4ADA633E4A21
:1028F0007B68536200220021262002F0EBF926209B
:1029000002F014FA64E07B681B68394A93425FD195
:10291000324BDB69314A43F48023D3612F4BDB69AF
:1029200003F48023FB60FB682C4B9B692B4A43F02C
:1029300008039361294B9B6903F00803BB60BB68E4
:102940004FF480633B6202237B620323FB6207F147
:1029500020031946274802F06DFD4FF400633B62E7
:1029600000237B620023BB6207F120031946214844
:1029700002F060FD204B214A1A601F4B10225A6062
:102980001D4B00229A601C4B8022DA601A4B0022F9
:102990001A61194B00225A61174B00229A61164B9B
:1029A0000022DA61144802F0E5F90346002B01D059
:1029B000FFF741FD7B68104A9A630F4A7B685362B8
:1029C00000220021272002F085F9272002F0AEF92D
:1029D00000BF3037BD4680BD0038014000100240C6
:1029E0000008014000440040400600206C00024006
:1029F00000480040000C0140840600201C000240FA
:102A000080B58AB000AFF860B9607A604FF4847224
:102A10000021F86805F030FEFB68BA681A60FB68B0
:102A20007A685A60FB684FF07F52C3F8D820FB6881
:102A30004FF07C52C3F8DC20FB685B4AC3F8E0200F
:102A4000FB685A4AC3F8E420FB684FF07E52C3F893
:102A5000E820FB68C822C3F8EC20FB684FF49672AC
:102A6000C3F8F0204FF000037B624FF000033B629D
:102A70000023FB6120E0FA6913465B0013449B00CE
:102A80001A46BB6813441B681946786AFEF734F887
:102A900003467B62FA6913465B0013449B001A46A7
:102AA000BB6813445B681946386AFEF725F803468D
:102AB0003B62FB690133FB61FA697B689A42DADBAE
:102AC0007B68002B13DD7868FEF7CAF803461946C9
:102AD000786AFEF7CDF903467B627868FEF7C0F8A6
:102AE00003461946386AFEF7C3F903463B62FB68A2
:102AF0007A6A9A60FB683A6ADA60FB682C4A1A6163
:102B0000FB684FF00002DA61FB68DA69FB689A61E2
:102B1000FB689A69FB685A610023BB6118E00023D7
:102B20007B610FE0F968BA6913465B0013445B00F0
:102B30007A69134408334FF0000241F823207B697F
:102B400001337B617B69052BECDDBB690133BB6124
:102B5000BB69052BE3DDFB684FF07E529A65FB688D
:102B60009A6DFB68DA63FB68DA6BFB681A62FB68D4
:102B70004FF08142C3F8AC20FB68D3F8AC20FB686F
:102B8000C3F89020FB68D3F89020FB685A67FB6875
:102B90000022C3F8B020FB680022C3F8B42000BFB5
:102BA0002837BD4680BD00BF0AD7233D0000104234
:102BB000CDCCCC3F80B485B000AF786039607B6805
:102BC0000122C3F800217B683A68C3F804217B68BE
:102BD0003A681A617B684FF00002DA617B684FF057
:102BE0000002C3F8DC200023FB6034E07968FA6857
:102BF00013465B001344DB000B4428334FF0000204
:102C00001A607968FA6813465B001344DB000B44D2
:102C1000283319687B68FA68143243F822107968FF
:102C2000FA6813465B001344DB000B4434334FF067
:102C300000021A607968FA6813465B001344DB00EF
:102C40000B44343319687B68FA68263243F8221043
:102C5000FB680133FB60FB68052BC7DD00BF00BFCD
:102C60001437BD4680BC7047B0B592B000AF7860F5
:102C700039604FF000013868FEF7EEF90346002B8B
:102C800040F0D6817B689C687B685B693968184630
:102C9000FEF73AF8034619462046FDF72DFF034696
:102CA0001A467B689A607B68DC687B689B69396838
:102CB0001846FEF729F8034619462046FDF71CFF83
:102CC00003461A467B68DA607B681C697B68DB69AF
:102CD00039681846FEF718F8034619462046FDF7EE
:102CE0000BFF03461A467B681A617B682033BB637F
:102CF00000237B6452E0BB6B7A6C53F82240BB6BC1
:102D000048337A6C53F8223039681846FDF7FCFFD7
:102D1000034619462046FDF7EFFE03461946BB6BF6
:102D20007A6C43F82210BB6B18337A6C53F822503C
:102D3000BB6B60337A6C53F8223039681846FDF764
:102D4000E3FF03461A46BB6B03F1180411462846FD
:102D5000FDF7D2FE03461A467B6C44F82320BB6B7A
:102D600030337A6C53F82250BB6B78337A6C53F85B
:102D7000223039681846FDF7C7FF03461A46BB6B79
:102D800003F1300411462846FDF7B6FE03461A4605
:102D90007B6C44F823207B6C01337B647B6C052BBC
:102DA000A9DD00233B6471E03A6C13465B001344D9
:102DB000DB001A46BB6B13441D683A6C13465B007C
:102DC0001344DB001A46BB6B1344DB6839681846B2
:102DD000FDF79AFF034619463A6C13465B0013440D
:102DE000DB001A46BB6B9C182846FDF785FE0346A0
:102DF00023603A6C13465B001344DB001A46BB6B3E
:102E000013445D683A6C13465B001344DB001A46BA
:102E1000BB6B13441B6939681846FDF775FF034601
:102E200019463A6C13465B001344DB001A46BB6B31
:102E30009C182846FDF760FE034663603A6C134613
:102E40005B001344DB001A46BB6B13449D683A6C6D
:102E500013465B001344DB001A46BB6B13445B69EB
:102E600039681846FDF750FF034619463A6C134679
:102E70005B001344DB001A46BB6B9C182846FDF729
:102E80003BFE0346A3603B6C01333B643B6C052B6C
:102E90008ADD39683868FDF737FF03467B63396898
:102EA000786BFDF731FF03463B63634B07F10C047E
:102EB0001D460FCD0FC495E8030084E803000023EE
:102EC000FB63B0E0FB6B012B03DC7B68D3F8D830ED
:102ED00002E07B68D3F8DC30FB62FB6BDB0048333D
:102EE0003B4453F83C3CBB62FB6BDB0048333B4448
:102EF00053F8383C7B62BA6A13465B001344DB002C
:102F00001A46BB6B1344BA6A53F82250396BF86AFD
:102F1000FDF7FAFE034649491846FDF7A9FF0346A7
:102F20001946BA6A13465B001344DB001A46BB6BB2
:102F30009C182846FDF7E0FD03461A46BB6A44F894
:102F40002320BA6A13465B001344DB001A46BB6BAE
:102F500013447A6A53F82250796BF86AFDF7D4FE6D
:102F600003464FF080411846FDF782FF034619469D
:102F7000BA6A13465B001344DB001A46BB6B9C180D
:102F80002846FDF7B9FD03461A467B6A44F823201C
:102F90007A6A13465B001344DB001A46BB6B13448A
:102FA000BA6A53F82250796BF86AFDF7ADFE034612
:102FB0004FF080411846FDF75BFF034619467A6AD9
:102FC00013465B001344DB001A46BB6B9C18284673
:102FD000FDF792FD03461A46BB6A44F823207A6A3D
:102FE00013465B001344DB001A46BB6B13447A6A3A
:102FF00053F822503968F86AFDF786FE03461946F1
:103000007A6A13465B001344DB001A46BB6B9C18BC
:103010002846FDF771FD03461A467B6A44F82320D3
:10302000FB6B0133FB63FB6B022B7FF74BAF00E0C5
:1030300000BF4837BD46B0BDBCBC000800004040E2
:10304000B0B5ACB000AFF860B9607A60FB68D3F897
:103050000031002B03D0FB68D3F8043101E0FB689A
:103060001B69C7F88C30FB689868FB681968BA68F8
:1030700013465B0013449B000B441B681946FDF785
:1030800039FD0346C7F88830FB68D868FB681968C3
:10309000BA6813465B0013449B000B445B681946F7
:1030A000FDF728FD0346C7F88430FB681968BA6845
:1030B00013465B0013449B000B449B681946D7F8EA
:1030C0008C00FDF717FD0346C7F88030D7F888104D
:1030D000D7F88800FDF718FE03461C46D7F8841081
:1030E000D7F88400FDF710FE034619462046FDF789
:1030F00003FD03461C46D7F88010D7F88000FDF783
:1031000003FE034619462046FDF7F6FC0346184623
:1031100007F0B6FAF867B449F86FFDF793FF034676
:10312000002B01D000230DE2F96FD7F88800FDF7DE
:103130009FFE0346BB67F96FD7F88400FDF798FE42
:1031400003467B67FB68D3F80031002B06D1F96F8B
:10315000D7F88000FDF78CFE034601E04FF0000336
:103160003B67FB682033FB660023C7F8AC3045E0C3
:10317000D7F8AC2013465B001344DB001A46FB6E05
:1031800013441B68B96F1846FDF7BEFD03461C4685
:10319000D7F8AC2013465B001344DB001A46FB6EE5
:1031A00013445B68796F1846FDF7AEFD0346194678
:1031B0002046FDF7A1FC03461C46D7F8AC20134679
:1031C0005B001344DB001A46FB6E13449B68396FA7
:1031D0001846FDF799FD034619462046FDF78CFC7D
:1031E00003461A46D7F8AC309B00B0333B4443F853
:1031F0006C2CD7F8AC300133C7F8AC30D7F8AC3012
:10320000052BB5DD7B6CB96F1846FDF77DFD0346D8
:103210001C46BB6C796F1846FDF776FD03461946D0
:103220002046FDF769FC03461C46FB6C396F1846C7
:10323000FDF76AFD034619462046FDF75DFC03468F
:103240001A46FB68D3F8E03019461046FDF754FCE7
:103250000346BB666549B86EFDF7F4FE0346002BD6
:1032600001D000236EE1F96F7868FDF743FC034657
:103270007B66796E786EFDF747FD03461C46FB685A
:10328000D3F8E430B96E1846FDF73EFD0346194603
:103290002046FDF7F5FE0346002B01D0002351E147
:1032A000B96E4FF07E50FDF7E3FD03463B66002309
:1032B000C7F8A83018E0D7F8A8309B00B0333B44DB
:1032C00053F86C3C396E1846FDF71EFD03461A464E
:1032D000D7F8A8309B00B0333B4443F8842CD7F890
:1032E000A8300133C7F8A830D7F8A830052BE2DDA5
:1032F000FB68D3F80031002B05D04FF000037B634F
:103300004FF000033B640023C7F8A43022E0FB68C1
:10331000D7F8A420023253F82240D7F8A4309B00FB
:10332000B0333B4453F8843C796E1846FDF7ECFC0F
:10333000034619462046FDF7DFFB03461946FB68A6
:10334000D7F8A420023243F82210D7F8A430013372
:10335000C7F8A430D7F8A430052BD8DD0023C7F870
:10336000A03038E0FB6ED7F8A02053F82230B96FB8
:103370001846FDF7C9FC03461C46FB6E1833D7F808
:10338000A02053F82230796F1846FDF7BDFC0346A4
:1033900019462046FDF7B0FB03461C46FB6E303352
:1033A000D7F8A02053F82230396F1846FDF7ACFC4F
:1033B000034619462046FDF79FFB03461A46D7F8F9
:1033C000A0309B00B0333B4443F89C2CD7F8A0308E
:1033D0000133C7F8A030D7F8A030052BC2DD002399
:1033E000C7F89C3049E000BF6F12833A5F708930A4
:1033F0000023C7F8983037E0D7F89C2013465B00CD
:103400001344DB001A46FB6E1344D7F8982053F898
:103410002250D7F89C309B00B0333B4453F8842CA7
:10342000D7F898309B00B0333B4453F89C3C194686
:103430001046FDF769FC03461946D7F89C20134651
:103440005B001344DB001A46FB6E9C182846FDF710
:1034500051FB03461A46D7F8983044F82320D7F892
:1034600098300133C7F89830D7F89830052BC3DD72
:10347000D7F89C300133C7F89C30D7F89C30052B27
:10348000B6DD0023C7F8943057E0D7F89430013305
:10349000C7F8903048E0D7F8942013465B001344F7
:1034A000DB001A46FB6E1344D7F8902053F8220035
:1034B000D7F8902013465B001344DB001A46FB6EDE
:1034C0001344D7F8942053F822301946FDF714FB23
:1034D00003464FF07C511846FDF716FC0346FB658A
:1034E000D7F8902013465B001344DB001A46FB6EAE
:1034F0001A44D7F89430F96D42F82310D7F8941095
:103500000B465B000B44DB001946FB6E0B44D7F8FF
:10351000941052F82110D7F8902043F82210D7F8D1
:1035200090300133C7F89030D7F89030052BB2DDDA
:10353000D7F894300133C7F89430D7F89430052B7E
:10354000A3DD01231846B037BD46B0BD90B59BB092
:1035500000AFF860B9607A603B6000237B660023AF
:103560003B6640E03B6E9B00BA6813441B684FF01B
:1035700000011846FDF770FD0346002B2BD13B6E72
:103580009B00BA6813441B688F491846FDF76EFD0F
:103590000346002B1FD13B6E9B007A6813441B68C7
:1035A0007B64FB683A6E2E3253F822307A6C9A4272
:1035B00013D03A687B6CD21AFB68D3F8EC309A428D
:1035C0000DD27B6E5A1C7A669B0068333B443A6E80
:1035D00043F8542C04E000BF02E000BF00E000BF4D
:1035E0003B6E01333B66FB685B683A6E9A4202DAD7
:1035F0003B6E072BB6DD0123FB6539E0FB6D9B00BD
:1036000068333B4453F8543C7B63FB6D013BBB6523
:103610000FE0BB6D591CBB6D9B0068333B4453F8F6
:10362000542C8B0068333B4443F8542CBB6D013B56
:10363000BB65BB6D002B10DBBB6D9B0068333B444F
:1036400053F8543C9B007A6813441A687B6B9B00C8
:1036500079680B441B689A42DBD8BB6D01339B0031
:1036600068333B447A6B43F8542CFB6D0133FB65A4
:10367000FA6D7B6E9A42C1DBFB68D3F8B030002B49
:1036800011D17B6E002B0CDDFB680122C3F8B0204A
:103690007B699B007A6813441A68FB68C3F8B420FE
:1036A00001E00023D9E0FB685A69FB685B691946B1
:1036B0001046FDF729FB03461C46FB689A69FB6828
:1036C0009B6919461046FDF71FFB03461946204625
:1036D000FDF712FA0346184606F0D2FF38643B495C
:1036E000386CFDF7AFFC0346002B04D0FB68384A6A
:1036F000C3F8D82011E04FF07E51386CFDF7A2FCE2
:103700000346002B04D0FB68304AC3F8D82004E0FD
:10371000FB684FF07F52C3F8D82000237B6500235D
:103720003B6569E03B6D9B0068333B4453F8543C78
:10373000FB63FB6B9B007A6813441B68BB634FF011
:103740000003FB64FB68D3F8B430BA6B9A420ED91D
:10375000FB68D3F8B430BA6BD31A1846FDF77CFA7D
:1037600003461C491846FDF783FB0346FB644FF0F4
:103770007C51F86CFDF784FC0346002B02D04FF01F
:103780007C53FB64F96CF868FFF76EFAFB68BA6B60
:10379000C3F8B420FB6B9B00BA6813441B681A463D
:1037A000F96BF868FFF74CFC0346002B14D07B6DD7
:1037B00001337B65FB680022C3F8F820FB68BA6B15
:1037C000C3F8F4200FE000BF000048429A99993EE8
:1037D000CDCC4C3D00007A44FB68D3F8F8305A1C3D
:1037E000FB68C3F8F820FB68FA6B2E32B96B43F81C
:1037F00022103B6D01333B653A6D7B6E9A4291DB43
:10380000FB687A6EC3F8FC20FB68D3F8B4303A68E2
:103810009A4221D9FB68D3F8B4303A68D31A1846D3
:10382000FDF71AFA03460F491846FDF721FB034638
:10383000BB644FF07C51B86CFDF722FC0346002BB3
:1038400002D04FF07C53BB64B96CF868FFF70CFAF8
:10385000FB683A68C3F8B4207B6D18466C37BD46E8
:1038600090BD00BF00007A4490B587B000AFF8600B
:10387000B9607A603B604FF000037B61FB68D3F86E
:10388000B430BA689A420ED9FB68D3F8B430BA683B
:10389000D31A1846FDF7E0F9034631491846FDF7FB
:1038A000E7FA03467B614FF07C517869FDF7E8FB4E
:1038B0000346002B02D04FF07C537B61FB689C6871
:1038C000FB685B6979691846FDF71EFA03461946DD
:1038D0002046FDF711F903461A467B681A60FB681B
:1038E000DC68FB689B6979691846FDF70DFA0346A9
:1038F00019462046FDF700F903461A463B681A6050
:10390000FB68D3F80031002B09D0FB68D3F8042101
:10391000BB6A1A607B6B4FF000021A6014E0FB6810
:103920001C69FB68DB6979691846FDF7EDF9034608
:1039300019462046FDF7E0F803461A46BB6A1A60AE
:10394000FB68DA697B6B1A60FB685A69FB6A1A606C
:10395000FB689A693B6B1A6000BF1C37BD4690BD7F
:1039600000007A4480B485B000AF786039600023ED
:10397000FB600023BB6016E07B68BA682E3253F808
:103980002230002B0CD07B68BA682E3253F82230DC
:103990003A68D31AB3F5967F02D2FB680133FB6015
:1039A000BB680133BB607B685B68BA689A4202DA25
:1039B000BB68072BE0DDFB6818461437BD4680BCAA
:1039C0007047000080B58AB000AFF860B9607A60D7
:1039D0003B60B968F868FFF7C5FF3862FB681A6A90
:1039E000FB68DB6B19461046FDF786F80346FB6162
:1039F0004FF00001F869FDF743FB0346002B04D0AC
:103A0000F86906F03DFE034601E04FF00003BB619C
:103A1000FB68D3F8E8301946B869FDF729FA034680
:103A20007B624FF07C51786AFDF70CFB0346002B5C
:103A300002D04FF07C537B622A49786AFDF720FB65
:103A40000346002B01D0274B7B62FB68D3F8B030D4
:103A5000002B0BD0FB68D3F8F430BA68D21AFB689D
:103A6000D3F8F0309A4201D2012300E000237B61B9
:103A70007B69002B04D03B6A022B01DD012300E0AF
:103A800000233B617B68002B08D03B69002B14BFEF
:103A900001230023DBB21A467B681A603B6B002BC4
:103AA00002D03B6B7A6A1A603B68002B15D03B69E9
:103AB000002B03D03B6A02335B0005E03B6A002B1E
:103AC00001DD032300E000233A6813603B681B68B4
:103AD000132B02DD3B6813221A6000BF2837BD4656
:103AE00080BD00BFCDCCC74280B58AB002AF786040
:103AF00039604FF000013868FDF7A4FA0346002B47
:103B000002D04FF0FF3300E001233B613B6823F01C
:103B10000043FB60F868FDF7D3FA0346FB61F869E0
:103B2000FDF79EF803461946F868FCF7E3FF0346E5
:103B30001A491846FDF7E8F80346184606F062FEF3
:103B400003461846FDF7BCFA0346BB61BB69092B67
:103B500004DDFB690133FB610023BB6100237B6152
:103B60003B69002B07DA7B695A1C7A611A467B682D
:103B700013442D221A707B697A68D018BB690093B0
:103B8000FB69074A082104F06BFC02467B69134479
:103B90007B617B6918462037BD4680BD000020410F
:103BA000D4BC000880B58AB002AF786039604FF0AD
:103BB00000013868FDF746FA0346002B02D04FF0AB
:103BC000FF3300E001233B613B6823F00043FB60CF
:103BD000F868FDF775FA0346FB61F869FDF740F8F0
:103BE00003461946F868FCF785FF03461A4918464C
:103BF000FDF78AF80346184606F004FE0346184609
:103C0000FDF75EFA0346BB61BB69632B04DDFB690C
:103C10000133FB610023BB6100237B613B69002B07
:103C200007DA7B695A1C7A611A467B6813442D2295
:103C30001A707B697A68D018BB690093FB69074AE0
:103C4000082104F00DFC02467B6913447B617B690B
:103C500018462037BD4680BD0000C842DCBC0008C5
:103C60002DE9B04F96B004AF7861396111461A461C
:103C70000B46FB731346BB737B69002B01DBFB7B9D
:103C800000E0BB7B87F833307B69DA173B607A60F2
:103C9000D7E90023C7E91023D7E91023002B08DA5E
:103CA000D7E910230021D2F1000861EB0309C7E92D
:103CB0001089D7E91001474A4FF00003FDF726FAB3
:103CC00002460B461346FB63D7E91001414A4FF009
:103CD0000003FDF71BFAC7E90A23D7E90A89424620
:103CE0004B464FF000004FF00001190141EA1271FC
:103CF000100102460B46B2EB080463EB09054FF0D6
:103D000000024FF00003AB0043EA9473A200144694
:103D10001D46C7E90845D7E908012E4A4FF00003C0
:103D2000FDF7F4F902460B461346BB63D7E90801D9
:103D3000284A4FF00003FDF7E9F9C7E90623D7E960
:103D4000062312F5FA7A43F1000B4FF47A724FF022
:103D5000000350465946FDF7D9F902460B46134673
:103D60007B637B6B42F20F72934207DD7B6BA3F5A3
:103D70001C53103B7B63BB6B0133BB63BB6B3B2BA7
:103D800005DDBB6B3C3BBB63FB6B0133FB633B69FA
:103D9000032B0DD197F8333002937B6B0193BB6BF0
:103DA0000093FB6B0C4A1821B86E04F059FB0CE031
:103DB00097F8333002937B6B0193BB6B0093FB6BE3
:103DC000064A1821B86E04F04BFB00BF4837BD46C9
:103DD000BDE8B08F80969800E4BC0008F8BC0008ED
:103DE00080B584B002AF786039603B68009353239C
:103DF0004E2202217868FFF733FF00BF0837BD4627
:103E000080BD80B584B002AF786039603B680093B4
:103E10005723452203217868FFF722FF00BF0837A8
:103E2000BD4680BD80B485B000AF78600023FB73D1
:103E30000123BB6009E0BB687A6813441A78FB7BF6
:103E40005340FB73BB680133BB60BB687A681344A3
:103E50001B78002B05D0BB687A6813441B782A2B8B
:103E6000E9D1FB7B18461437BD4680BC7047000083
:103E700080B584B000AF78607868FFF7D3FF034661
:103E8000FB737868FCF764F90346BB60BB687A682B
:103E9000D018FB7B034A062104F0E2FA00BF10377A
:103EA000BD4680BD0CBD000880B582B000AF786013
:103EB00003223E49786804F0F4FB0346002B01D14D
:103EC00001236EE003223A49786804F0EAFB0346D6
:103ED000002B01D1022364E003223649786804F004
:103EE000E0FB0346002B01D103235AE003223249B1
:103EF000786804F0D6FB0346002B01D1042350E080
:103F000003222E49786804F0CCFB0346002B01D134
:103F1000052346E003222A49786804F0C2FB0346E1
:103F2000002B01D106233CE003222649786804F0E7
:103F3000B8FB0346002B01D1072332E003222249BC
:103F4000786804F0AEFB0346002B01D1082328E07B
:103F500003221E49786804F0A4FB0346002B01D11C
:103F600009231EE003221A49786804F09AFB0346ED
:103F7000002B01D10A2314E003221649786804F0CB
:103F800090FB0346002B01D10B230AE003221249C8
:103F9000786804F086FB0346002B01D10C2300E077
:103FA000012318460837BD4680BD00BF14BD000878
:103FB00018BD00081CBD000820BD000824BD000875
:103FC00028BD00082CBD000830BD000834BD000825
:103FD00038BD00083CBD000840BD000890B589B060
:103FE00000AFF860B9607A603B604F4BFB614F4BAC
:103FF0001B684FF000011846FDF71AF80346002B26
:104000001BD03868FCF72CFE034649491846FCF7DC
:104010002FFF0346BB614749B869FCF775FE0346AD
:104020007B61786906F04AFB03463F491846FCF776
:104030006BFE03461A463D4B1A603C4B1B683B61C6
:104040003D49B868FCF7FEFF0346002B02D03A4B0F
:10405000BB6008E03949B868FDF712F80346002B49
:1040600001D0364BBB603449F868FCF7EBFF0346E0
:10407000002B02D0304BFB6008E03049F868FCF7B9
:10408000FFFF0346002B01D02C4BFB602A497868C8
:10409000FCF7D8FF0346002B02D0274B7B6008E0DB
:1040A00026497868FCF7ECFF0346002B01D0234B30
:1040B0007B601F49B868FCF727FE0346F96918467C
:1040C000FCF7D6FE03461846FCF7FAFF02463B68AB
:1040D0001A44BB6B1A601649F868FCF715FE0346D4
:1040E00039691846FCF7C4FE03461846FCF7E8FF9A
:1040F00002463B6B1A44FB6B1A607A6B13469B00BB
:1041000013445B001C460E497868FCF7FDFD03462E
:104110001846FCF7D5FF0346E2183B6C1A6000BF57
:104120002437BD4690BD00BFF36BD947C8060020B9
:104130008096184B35FA8E3C000020C100002041CB
:1041400000007A4480B483B000AF78607B680022BE
:104150001A707B68002283F864207B68002283F851
:10416000D22000BF0C37BD4680BC704790B5C5B0AB
:1041700008AFF860B9607A603B600123C7F8183176
:104180000A23C7F81C317749D7F82001FCF75AFFFA
:104190000346002B02D0734BC7F82031412387F828
:1041A000EB30714BC7F8E430704BC7F8E030D7F80C
:1041B000E010B868FCF7A8FD03461C46D7F8E410E9
:1041C0007868FCF7A1FD034619462046FCF794FCED
:1041D0000346C7F8DC30BB6883F00043D7F8E4102F
:1041E0001846FCF791FD03461C46D7F8E0107868A6
:1041F000FCF78AFD034619462046FCF77DFC034682
:10420000C7F8D830D7F8E010D7F80001FCF77CFDEC
:1042100003461C46D7F8E410D7F80401FCF774FDF8
:10422000034619462046FCF767FC0346C7F8D4301E
:10423000D7F8003183F00043D7F8E4101846FCF7B4
:1042400063FD03461C46D7F8E010D7F80401FCF7DD
:104250005BFD034619462046FCF74EFC0346C7F8B3
:10426000D030D7F8DC30BB60D7F8D8307B60D7F8D7
:10427000D430C7F80031D7F8D030C7F8043107F18F
:104280009C03049307F1A003039307F1A403029393
:10429000D7F810310193D7F80C310093D7F80831D3
:1042A0003A687968B868FFF799FED7F8A43007F143
:1042B000840211461846FFF793FDD7F8A03007F1A6
:1042C0006C0211461846FFF79CFDD7F81431C7F869
:1042D000CC30D7F8CC30264AA2FB0323D90A254B91
:1042E000A3FB01231A0913465B001344DB00CA1A1F
:1042F000C7F8C820D7F8CC301F4AA2FB03235909BE
:104300001D4BA3FB01235A0913461B019B1A9B005B
:10431000CA1AC7F8C420D7F8CC10174BA3FB012347
:104320005A0913461B019B1A9B00CA1AC7F8C020E2
:1043300007F16000D7F8C0300193D7F8C43000937C
:10434000D7F8C8300D4A0A2104F08AF83123202B0F
:1043500016D03123A3F1300213469B0013445B00B7
:104360001A460EE0CDCCCC3D431DAF3EB28F703F20
:10437000C5B3A291ABAAAAAA8988888844BD0008BF
:1043800000223723303B1344C7F8BC308C48FFF77A
:104390008BFDC7F8B8003223A3F1300213469B000F
:1043A00013445B001A463623303B1344C7F8B4303D
:1043B00007F15000D7F8B4300193D7F8B830009324
:1043C000D7F8BC307F4A102104F04AF8D7F8001122
:1043D000D7F80001FCF798FC03461C46D7F80411F7
:1043E000D7F80401FCF790FC034619462046FCF779
:1043F00083FB0346184606F043F903467249184604
:10440000FCF782FC0346C7F8B0307049D7F8B0001B
:10441000FCF77AFC0346C7F8AC30D7F80411D7F89C
:10442000000106F02BF9034669491846FCF76CFCBD
:104430000346C7F8EC304FF00001D7F8EC00FCF76A
:1044400001FE0346002B07D06249D7F8EC00FCF7C9
:1044500053FB0346C7F8EC30D7F89C301846FCF7FE
:10446000FFFB03465C491846FCF702FD0346C7F80C
:10447000A83007F14403D7F8A8101846FFF734FB1B
:1044800007F13803D7F820111846FFF78BFB07F127
:104490002C03D7F8B0101846FFF784FB07F1200370
:1044A000D7F8EC101846FFF71FFB07F11403D7F8F5
:1044B000AC101846FFF776FBF86807F1600207F1C9
:1044C0004403059307F138030493D7F81C31039391
:1044D000D7F81831029307F16C03019307F18403B5
:1044E000009313463D4A642103F0BAFFFB68184667
:1044F000FFF7BEFCFB6803F1640097F8EB30D7F8D8
:104500001821002A01DD412200E04E2207F160015E
:10451000069207F15002059207F12002049207F17A
:104520002C02039207F16C02029207F184020192BD
:1045300000930B462A4A6E2103F092FFFB68643316
:104540001846FFF795FCFB6803F1D20007F1200243
:1045500007F11403019307F12C0300931346214A3A
:10456000642103F07DFFFB68D2331846FFF780FC1F
:10457000D7F81831002B10DDFB6803F59B7007F1AD
:10458000380207F13803019307F13803009313460B
:10459000154A5A2103F064FF07E0FB6803F59B739B
:1045A000124A5A21184603F05BFFFB6803F59B7320
:1045B0001846FFF75DFC00BFF437BD4690BD00BF55
:1045C00054BD000844BD0008C0CFF83F560EED3F73
:1045D000E12E65420000B44300007A4460BD00084B
:1045E0008CBD0008B8BD0008D8BD000808BE000892
:1045F00080B483B000AF78607B6818460C37BD4646
:1046000080BC704780B483B000AF78607B6864334F
:1046100018460C37BD4680BC704780B483B000AFED
:1046200078607B68D23318460C37BD4680BC704733
:1046300080B483B000AF78607B6803F59B73184645
:104640000C37BD4680BC704780B485B000AF786041
:104650007B6800221A647B6800221A700023FB60CA
:1046600010E07A68FB6810339B0013440A4A5A60D2
:104670007A68FB6818339B00134400225A60FB6879
:104680000133FB60FB68072BEBDD00BF00BF143775
:10469000BD4680BC704700BF000080BF80B58AB0B7
:1046A00000AFF860B9607A60BB681B78242B18D122
:1046B000BB6801331B78442B13D1BB6802331B78D2
:1046C000492B0ED1BB6803331B78532B09D1BB6830
:1046D00004331B78542B04D1BB6805331B782C2B77
:1046E0002AD0BB681B78002B1FD000237B620BE015
:1046F0007B6ABA6813441978504A7B6A13440A46A5
:104700001A707B6A01337B627B6ABA6813441B7838
:10471000002B02D07B6A3E2BEADD484A7B6A1344B9
:1047200000221A70464B01221A60464B1B68013367
:10473000444A136000237CE0434B1B680133424A28
:104740001360BB6806333B622C21386A03F09CFF80
:10475000B861BB69002B01D100236AE0BB6901335A
:104760003B623B6A1B78532B01D0002361E03B6A1C
:1047700001333B620023FB610DE0FA6913469B00A5
:1047800013445B001A463B6A1B78303B1344FB61C1
:104790003B6A01333B623B6A1B782F2B03D93B6A90
:1047A0001B78392BE9D9FB69002B02DDFB69082B4B
:1047B00001DD00233DE03B6A1B782C2B01D0002358
:1047C00037E03B6A01333B62386A02F011FF024670
:1047D0000B4610461946FCF739F903467B614FF04A
:1047E00000017869FCF738FC0346002B06D1174915
:1047F0007869FCF73BFC0346002B09D0FB69013BC1
:10480000FA6810339B001344114A5A60012310E0E8
:10481000FB69013BFA6810339B0013447A695A60C4
:10482000FB69013BFA6818339B0013447A685A60AD
:10483000012318462837BD4680BD00BFCC060020A6
:104840000C07002014070020100700200000484239
:10485000000080BF80B584B000AFF8600B467A607E
:10486000FB72FB7A0A2B02D0FB7A0D2B15D1FB6869
:104870001B6C002B0FDDFB681B6CFA680021D15408
:10488000FB6800221A64FB687A681946F868FFF72B
:1048900005FF03460EE000230CE0FB681B6C3E2B7B
:1048A00007DCFB681B6C591CFA681164FA68F97A1A
:1048B000D154002318461037BD4680BD80B584B062
:1048C00000AF786039600023FB600023BB602BE001
:1048D0007A68BB6810339B0013445B684FF000019B
:1048E0001846FCF7C3FB0346002B1AD07A68BB6856
:1048F00010339B0013445B680F491846FCF7A2FB7A
:104900000346002B0DD07A68BB6818339B00134414
:104910005B683A68D31AB3F5487F02D2FB6801336B
:10492000FB60BB680133BB60BB68072BD0DDFB6855
:1049300018461037BD4680BD0000484280B586B09D
:1049400000AFF860B9607A603B6000237B610023B0
:104950003B613DE0FA683B6910339B0013445B68A0
:104960004FF000011846FCF781FB0346002B26D0D0
:10497000FA683B6910339B0013445B681949184679
:10498000FCF760FB0346002B19D0FA683B6918332B
:104990009B0013445B683A68D31AB3F5487F0ED284
:1049A0003B699B00BA681A44F9683B6910339B0065
:1049B0000B445B6813607B6901337B6105E03B69F5
:1049C0009B00BA681344084A1A603B6901333B6193
:1049D0003A697B689A42BDDB7B6918461837BD4649
:1049E00080BD00BF00004842000080BFFDF760FEB0
:1049F0000B480C490C4A002302E0D458C45004333D
:104A0000C4188C42F9D3094A094C002301E0136011
:104A10000432A242FBD303F0A3FEFCF71DFF704754
:104A200000000020D80100208CC70008D801002019
:104A300068080020FEE7000080B500AF084B1B6847
:104A4000074A43F010031360032000F023F90F20FE
:104A500000F008F8FDF700FD0023184680BD00BFF8
:104A60000020024080B582B000AF7860124B1A6817
:104A7000124B1B7819464FF47A73B3FBF1F3B2FB78
:104A8000F3F3184600F06AF90346002B01D0012326
:104A90000EE07B680F2B0AD8002279684FF0FF30B8
:104AA00000F018F9064A7B681360002300E0012338
:104AB00018460837BD4680BD040000200C000020C9
:104AC0000800002080B400AF054B1B781A46054B48
:104AD0001B681344034A136000BFBD4680BC704787
:104AE0000C0000201807002080B400AF024B1B68A8
:104AF0001846BD4680BC70471807002080B485B0BA
:104B000000AF78607B6803F00703FB600C4BDB6849
:104B1000BB60BA684FF6FF031340BB60FB681A0224
:104B2000BB68134343F0BF6343F40033BB60044AE4
:104B3000BB68D36000BF1437BD4680BC704700BF60
:104B400000ED00E080B400AF044BDB681B0A03F00B
:104B500007031846BD4680BC704700BF00ED00E06B
:104B600080B483B000AF0346FB7197F90730002B88
:104B70000BDBFB7903F01F02064997F907305B094D
:104B8000012000FA02F241F8232000BF0C37BD4695
:104B900080BC704700E100E080B483B000AF034602
:104BA0003960FB7197F90730002B0ADB3B68DAB2FA
:104BB0000C4997F907301201D2B20B4483F8002355
:104BC0000AE03B68DAB20849FB7903F00F03043BC3
:104BD0001201D2B20B441A7600BF0C37BD4680BC1E
:104BE000704700BF00E100E000ED00E080B489B054
:104BF00000AFF860B9607A60FB6803F00703FB61FF
:104C0000FB69C3F10703042B28BF0423BB61FB69C5
:104C10000433062B02D9FB69033B00E000237B61D0
:104C20004FF0FF32BB6902FA03F3DA43BB681A4064
:104C30007B699A404FF0FF317B6901FA03F3D94356
:104C40007B680B40134318462437BD4680BC704731
:104C500080B582B000AF78607B68013BB3F1807FA4
:104C600001D301230FE00A4A7B68013B53600F2107
:104C70004FF0FF30FFF790FF054B00229A60044B86
:104C800007221A60002318460837BD4680BD00BFC2
:104C900010E000E080B582B000AF78607B68072B41
:104CA0000FD07B68062B0CD07B68052B09D07B6866
:104CB000042B06D07B68032B03D091210448FDF719
:104CC000C0FB7868FFF71AFF00BF0837BD4680BDFC
:104CD00030BE000880B586B000AF0346B9607A6088
:104CE000FB7300237B617B680F2B03D9A9210E483E
:104CF000FDF7A7FBBB680F2B03D9AA210A48FDF7D4
:104D0000A0FBFFF71FFF78617A68B9687869FFF741
:104D10006DFF024697F90F3011461846FFF73CFF2A
:104D200000BF1837BD4680BD30BE000880B582B0D8
:104D300000AF0346FB7197F90730002B03DABD2162
:104D40000548FDF77EFB97F907301846FFF708FF87
:104D500000BF0837BD4680BD30BE000880B582B0B8
:104D600000AF78607868FFF773FF0346184608378E
:104D7000BD4680BD80B584B000AF78600023FB6085
:104D80007B68002B01D10123DAE07B681B686E4A47
:104D9000934221D07B681B686C4A93421CD07B688D
:104DA0001B686B4A934217D07B681B68694A934221
:104DB00012D07B681B68684A93420DD07B681B68E1
:104DC000664A934208D07B681B68654A934203D0C9
:104DD00099216448FDF735FB7B685B68002B0CD09C
:104DE0007B685B68102B08D07B685B68B3F5804FED
:104DF00003D09A215B48FDF724FB7B689B68402B1E
:104E000007D07B689B68002B03D09B215548FDF79A
:104E100018FB7B68DB68802B07D07B68DB68002B86
:104E200003D09C214F48FDF70CFB7B681B69002BCE
:104E30000DD07B681B69B3F5807F08D07B681B6948
:104E4000B3F5007F03D09D214648FDF7FAFA7B6851
:104E50005B69002B0DD07B685B69B3F5806F08D070
:104E60007B685B69B3F5006F03D09E213D48FDF779
:104E7000E8FA7B689B69002B07D07B689B69202B35
:104E800003D09F213748FDF7DCFA7B68DB69002BF4
:104E900012D07B68DB69B3F5805F0DD07B68DB697E
:104EA000B3F5005F08D07B68DB69B3F5405F03D0E2
:104EB000A0212C48FDF7C5FA7B681B681A462A4BCF
:104EC00013442A4AA2FB03231B099A007B681A6435
:104ED0007B68274ADA637B68022283F821207B689B
:104EE0001B681B68FB60FB6823F47F5323F03003CF
:104EF000FB607B685A687B689B681A437B68DB6849
:104F00001A437B681B691A437B685B691A437B6899
:104F10009B691A437B68DB691343FA681343FB60A0
:104F20007B681B68FA681A607B6800229A637B685A
:104F3000012283F821207B68002283F820200023AF
:104F400018461037BD4680BD080002401C000240D4
:104F50003000024044000240580002406C00024011
:104F6000800002406CBE0008F8FFFDBFCDCCCCCC69
:104F70000000024080B586B000AFF860B9607A608A
:104F80003B600023FB753B68002B03D03B68B3F507
:104F9000803F04D34FF4B7712C48FDF752FAFB68F9
:104FA00093F82030012B01D102234BE0FB68012252
:104FB00083F82020FB6893F82130DBB2012B3AD133
:104FC000FB68022283F82120FB6800229A63FB68B9
:104FD0001B681A68FB681B6822F001021A603B68B4
:104FE0007A68B968F86800F0F8F9FB68DB6A002BAA
:104FF00008D0FB681B681A68FB681B6842F00E0249
:105000001A600FE0FB681B681A68FB681B6822F0D7
:1050100004021A60FB681B681A68FB681B6842F090
:105020000A021A60FB681B681A68FB681B6842F07A
:1050300001021A6005E0FB68002283F820200223A9
:10504000FB75FB7D18461837BD4680BD6CBE000859
:1050500080B485B000AF78600023FB737B6893F861
:105060002130DBB2022B08D07B6804229A637B6874
:10507000002283F82020012320E07B681B681A6847
:105080007B681B6822F00E021A607B681B681A6836
:105090007B681B6822F001021A607B681A6C7B68CF
:1050A000DB6B012101FA02F25A607B68012283F86E
:1050B00021207B68002283F82020FB7B18461437D0
:1050C000BD4680BC7047000080B584B000AF7860FA
:1050D0000023FB737B6893F82130DBB2022B05D0F1
:1050E0007B6804229A630123FB7351E07B681B6891
:1050F0001A687B681B6822F00E021A607B681B68C6
:105100001A687B681B6822F001021A607B681B68C2
:10511000224A934229D07B681B68214A934222D0BD
:105120007B681B681F4A93421AD07B681B681E4A23
:10513000934212D07B681B681C4A93420AD07B685A
:105140001B681B4A934202D14FF480130EE04FF0CC
:1051500080730BE04FF4803308E04FF4805305E098
:105160004FF4807302E0102300E00123114A5360E2
:105170007B68012283F821207B68002283F82020AD
:105180007B685B6B002B03D07B685B6B7868984710
:10519000FB7B18461037BD4680BD00BF08000240AB
:1051A0001C0002403000024044000240580002400F
:1051B0006C0002400000024080B584B000AF78600F
:1051C0007B68DB6B1B68FB607B681B681B68BB60D4
:1051D0007B681B6C04229A40FB681340002B4FD065
:1051E000BB6803F00403002B4AD07B681B681B6874
:1051F00003F02003002B07D17B681B681A687B68CB
:105200001B6822F004021A607B681B68664A93429E
:1052100029D07B681B68654A934222D07B681B6853
:10522000634A93421AD07B681B68624A934212D049
:105230007B681B68604A93420AD07B681B685F4AA0
:10524000934202D14FF480030EE04FF080630BE0F5
:105250004FF4802308E04FF4804305E04FF480636F
:1052600002E0402300E00423554A53607B68DB6A78
:10527000002B00F094807B68DB6A786898478EE0AA
:105280007B681B6C02229A40FB681340002B56D0AF
:10529000BB6803F00203002B51D07B681B681B68BE
:1052A00003F02003002B0BD17B681B681A687B6816
:1052B0001B6822F00A021A607B68012283F8212011
:1052C0007B681B68384A934229D07B681B68374A41
:1052D000934222D07B681B68354A93421AD07B6880
:1052E0001B68344A934212D07B681B68324A93424F
:1052F0000AD07B681B68314A934202D14FF40013F5
:105300000EE04FF000730BE04FF4003308E04FF471
:10531000005305E04FF4007302E0202300E0022375
:10532000274A53607B68002283F820207B689B6AB1
:10533000002B34D07B689B6A786898472FE07B68A5
:105340001B6C08229A40FB681340002B28D0BB68D6
:1053500003F00803002B23D07B681B681A687B6866
:105360001B6822F00E021A607B681A6C7B68DB6B8C
:10537000012101FA02F25A607B6801229A637B687C
:10538000012283F821207B68002283F820207B689B
:105390001B6B002B04D07B681B6B7868984700BFA1
:1053A00000BF1037BD4680BD080002401C0002400F
:1053B0003000024044000240580002406C000240AD
:1053C0000000024080B483B000AF78607B689B6BC4
:1053D00018460C37BD4680BC704780B485B000AF1E
:1053E000F860B9607A603B60FB681A6CFB68DB6B45
:1053F000012101FA02F25A60FB681B683A685A60A0
:10540000FB685B68102B08D1FB681B687A689A60A0
:10541000FB681B68BA68DA6007E0FB681B68BA685B
:105420009A60FB681B687A68DA6000BF1437BD4673
:1054300080BC704780B58AB000AF786039600023C7
:105440007B6200233B627B68964A934213D07B6861
:10545000954A93420FD07B68944A93420BD07B6865
:10546000934A934207D07B68924A934203D0BD216E
:105470009148FCF7E6FF3B681B689BB2002B04D009
:105480003B681B68B3F5803F03D3BE218A48FCF715
:10549000D8FF3B685B68002B00F01D823B685B68AF
:1054A000012B00F018823B685B68112B00F013821F
:1054B0003B685B68022B00F00E823B685B68122B36
:1054C00000F009823B685B687C4A934200F00382EB
:1054D0003B685B687A4A934200F0FD813B685B68F9
:1054E000784A934200F0F7813B685B68764A9342C2
:1054F00000F0F1813B685B68744A934200F0EB81F5
:105500003B685B68724A934200F0E5813B685B68E8
:10551000032B00F0E081BF216748FCF792FFDAE13E
:1055200001227B6A02FA03F3FB613B681B68FA699C
:105530001340BB61BA69FB699A4240F0C9817B683C
:10554000584A934213D07B68574A93420FD07B68E6
:10555000564A93420BD07B68554A934207D07B68EA
:10556000544A934203D0CD215348FCF76AFF3B686D
:105570005B68574A934200F0C280554A934200F25A
:10558000E880504A934200F0BA804E4A934200F2BB
:10559000E0804E4A934200F0B2804C4A934200F2BF
:1055A000D880474A934200F0AA80454A934200F2CD
:1055B000D080454A934200F0A280434A934200F2D1
:1055C000C880122B2CD8122B00F2C38001A252F8F3
:1055D00023F000BFFF560008295600087B5600083C
:1055E0004D570008535700085357000853570008F9
:1055F00053570008535700085357000853570008E3
:1056000053570008535700085357000853570008D2
:10561000535700085357000851560008D556000844
:10562000264A93426BD094E03B68DB68022B0BD098
:105630003B68DB68012B07D03B68DB68032B03D09A
:10564000D5211D48FCF7FDFE3B68DB683B6281E02D
:105650003B68DB68022B0BD03B68DB68012B07D073
:105660003B68DB68032B03D0DC211348FCF7E9FE21
:105670003B68DB6804333B626CE03B68DB68022B11
:105680000BD03B68DB68012B07D03B68DB68032B42
:1056900003D0E3210848FCF7D4FE3B68DB680833FD
:1056A0003B6257E000080140000C0140001001403F
:1056B0000014014000180140A4BE000800001110B1
:1056C0000000211000003110000012100000221014
:1056D000000032103B68DB68022B0BD03B68DB68B4
:1056E000012B07D03B68DB68032B03D0EA218048FD
:1056F000FCF7A7FE3B68DB680C333B622AE03B68A3
:105700009B68002B0BD03B689B68012B07D03B6844
:105710009B68022B03D0F7217548FCF792FE3B688B
:105720009B68002B02D104233B6213E03B689B681B
:10573000012B05D108233B627B68FA691A6109E0F5
:1057400008233B627B68FA695A6103E000233B62ED
:1057500000E000BFBB69FF2B01D87B6801E07B68DC
:1057600004337B61BB69FF2B02D87B6A9B0002E09C
:105770007B6A083B9B003B617B691A680F213B6990
:1057800001FA03F3DB431A40396A3B6901FA03F378
:105790001A437B691A603B685B6803F08053002BF7
:1057A00000F09680534B9B69524A43F0010393618A
:1057B000504B9B6903F00103BB60BB684E4A7B6A98
:1057C0009B08023352F82330FB607B6A03F003032B
:1057D0009B000F2202FA03F3DB43FA681340FB60DD
:1057E0007B68464A934213D07B68454A93420DD06A
:1057F0007B68444A934207D07B68434A934201D175
:10580000032306E0042304E0022302E0012300E076
:1058100000237A6A02F0030292009340FA6813436D
:10582000FB6035497B6A9B080233FA6841F8232004
:105830003B685B6803F48013002B06D0334B9A68F7
:105840003249BB6913438B6006E0304B9A68BB69F1
:10585000DB432E4913408B603B685B6803F4001305
:10586000002B06D0294BDA682849BB691343CB606B
:1058700006E0264BDA68BB69DB4324491340CB6062
:105880003B685B6803F40033002B06D01F4B5A685B
:105890001E49BB6913434B6006E01C4B5A68BB6949
:1058A000DB431A4913404B603B685B6803F4803369
:1058B000002B06D0154B1A681449BB6913430B60C3
:1058C00006E0124B1A68BB69DB43104913400B60BA
:1058D0007B6A01337B623B681A687B6A22FA03F3B6
:1058E000002B7FF41DAE00BF00BF2837BD4680BD32
:1058F000A4BE000800100240000001400008014062
:10590000000C01400010014000140140000401405F
:1059100080B582B000AF78600B467B8013467B7009
:105920007B88002B04D14FF4EA710E48FCF789FD07
:105930007B78002B07D07B78012B04D040F2D51167
:105940000848FCF77EFD7B78002B03D07A887B68C3
:105950001A6103E07B881A047B681A6100BF08376C
:10596000BD4680BDA4BE000880B586B000AF78609B
:105970007B68002B01D101235AE37B681B68002B55
:105980001CD07B681B6803F00103002B16D17B68D9
:105990001B6803F00203002B10D17B681B6803F027
:1059A0000803002B0AD17B681B6803F00403002B5B
:1059B00004D140F265118F48FCF743FD7B681B68FA
:1059C00003F00103002B00F09A807B685B68002BDA
:1059D0000ED07B685B68B3F5803F09D07B685B685D
:1059E000B3F5A02F04D040F26B118248FCF729FDDB
:1059F000814B5B6803F00C03042B0CD07E4B5B687F
:105A000003F00C03082B12D17B4B5B6803F480334B
:105A1000B3F5803F0BD1784B1B6803F40033002BA8
:105A20006CD07B685B68002B68D1012300E37B6846
:105A30005B68B3F5803F06D16F4B1B686E4A43F439
:105A4000803313602EE07B685B68002B0CD16A4BBF
:105A50001B68694A23F480331360674B1B68664AEE
:105A600023F4802313601DE07B685B68B3F5A02FEF
:105A70000CD1614B1B68604A43F4802313605E4B7A
:105A80001B685D4A43F4803313600BE05A4B1B687C
:105A9000594A23F480331360574B1B68564A23F44A
:105AA000802313607B685B68002B13D0FFF71CF822
:105AB000386108E0FFF718F802463B69D31A642BF7
:105AC00001D90323B4E24C4B1B6803F40033002BD1
:105AD000F0D014E0FFF708F8386108E0FFF704F8A9
:105AE00002463B69D31A642B01D90323A0E2424B3F
:105AF0001B6803F40033002BF0D100E000BF7B688B
:105B00001B6803F00203002B00F080807B681B6998
:105B1000002B08D07B681B69012B04D040F29F1139
:105B20003448FCF78EFC7B685B691F2B04D94FF46B
:105B3000D0713048FCF785FC2F4B5B6803F00C03F9
:105B4000002B0BD02C4B5B6803F00C03082B1CD1F3
:105B5000294B5B6803F48033002B16D1264B1B685E
:105B600003F00203002B05D07B681B69012B01D0D9
:105B700001235DE2204B1B6823F0F8027B685B6920
:105B8000DB001D4913430B6040E07B681B69002B61
:105B900020D01A4B01221A60FEF7A6FF386108E0F8
:105BA000FEF7A2FF02463B69D31A022B01D9032359
:105BB0003EE2114B1B6803F00203002BF0D00E4BAA
:105BC0001B6823F0F8027B685B69DB000A4913431A
:105BD0000B601BE0094B00221A60FEF785FF38615D
:105BE0000EE0FEF781FF02463B69D31A022B07D96C
:105BF00003231DE2E0BE0008001002400000424204
:105C00007D4B1B6803F00203002BEAD17B681B6805
:105C100003F00803002B40D07B689B69002B08D061
:105C20007B689B69012B04D04FF4F0717348FCF73B
:105C300008FC7B689B69002B19D0714B01221A600C
:105C4000FEF752FF386108E0FEF74EFF02463B695F
:105C5000D31A022B01D90323EAE1674B5B6A03F0F5
:105C60000203002BF0D0012000F002FC15E0644B91
:105C700000221A60FEF738FF386108E0FEF734FFB3
:105C800002463B69D31A022B01D90323D0E15A4BB8
:105C90005B6A03F00203002BF0D17B681B6803F002
:105CA0000403002B00F0BF800023FB757B68DB68DA
:105CB000002B0CD07B68DB68012B08D07B68DB688D
:105CC000052B04D040F20F214C48FCF7BAFB4A4B9D
:105CD000DB6903F08053002B0DD1474BDB69464A4B
:105CE00043F08053D361444BDB6903F08053BB60C6
:105CF000BB680123FB75434B1B6803F48073002BC7
:105D000018D1404B1B683F4A43F480731360FEF781
:105D1000EBFE386108E0FEF7E7FE02463B69D31A66
:105D2000642B01D9032383E1364B1B6803F4807392
:105D3000002BF0D07B68DB68012B06D12E4B1B6A51
:105D40002D4A43F0010313622DE07B68DB68002BD2
:105D50000CD1294B1B6A284A23F001031362264BFE
:105D60001B6A254A23F0040313621CE07B68DB688E
:105D7000052B0CD1204B1B6A1F4A43F0040313620E
:105D80001D4B1B6A1C4A43F0010313620BE01A4BC4
:105D90001B6A194A23F001031362174B1B6A164A48
:105DA00023F0040313627B68DB68002B15D0FEF739
:105DB0009BFE38610AE0FEF797FE02463B69D31A64
:105DC00041F28832934201D9032331E10A4B1B6A25
:105DD00003F00203002BEED01CE0FEF785FE3861D5
:105DE00012E0FEF781FE02463B69D31A41F2883287
:105DF000934209D903231BE100100240E0BE0008D2
:105E000080044242007000408B4B1B6A03F0020387
:105E1000002BE6D1FB7D012B05D1874BDB69864A40
:105E200023F08053D3617B68DB69002B0CD07B6847
:105E3000DB69012B08D07B68DB69022B04D040F2C0
:105E4000AD217E48FCF7FDFA7B68DB69002B00F092
:105E5000EE80794B5B6803F00C03082B00F0CE80DA
:105E60007B68DB69022B40F0B2807B681B6A002BE9
:105E700009D07B681B6AB3F5803F04D040F2B6219D
:105E80006E48FCF7DEFA7B685B6A002B4AD07B68C1
:105E90005B6AB3F5802F45D07B685B6AB3F5002F52
:105EA00040D07B685B6AB3F5402F3BD07B685B6A70
:105EB000B3F5801F36D07B685B6AB3F5A01F31D085
:105EC0007B685B6AB3F5C01F2CD07B685B6AB3F557
:105ED000E01F27D07B685B6AB3F5001F22D07B6888
:105EE0005B6AB3F5101F1DD07B685B6AB3F5201F9A
:105EF00018D07B685B6AB3F5301F13D07B685B6A90
:105F0000B3F5401F0ED07B685B6AB3F5501F09D014
:105F10007B685B6AB3F5601F04D040F2B721474845
:105F2000FCF78FFA464B00221A60FEF7DDFD386160
:105F300008E0FEF7D9FD02463B69D31A022B01D9CE
:105F4000032375E03C4B1B6803F00073002BF0D17A
:105F50007B681B6AB3F5803F16D17B689B68002B7A
:105F600009D07B689B68B3F5003F04D040F2CD2197
:105F70003248FCF766FA304B5B6823F400327B68EA
:105F80009B682D4913434B602B4B5B6823F47412C1
:105F90007B68196A7B685B6A0B43274913434B6034
:105FA000274B01221A60FEF79FFD386108E0FEF7DB
:105FB0009BFD02463B69D31A022B01D9032337E02C
:105FC0001D4B1B6803F00073002BF0D02FE01C4B1F
:105FD00000221A60FEF788FD386108E0FEF784FDB4
:105FE00002463B69D31A022B01D9032320E0124B4E
:105FF0001B6803F00073002BF0D118E07B68DB69AD
:10600000012B01D1012313E00B4B5B68FB60FB68A4
:1060100003F480327B681B6A9A4206D1FB6803F462
:1060200070127B685B6A9A4201D0012300E0002372
:1060300018461837BD4680BD00100240E0BE00087B
:106040006000424280B584B000AF786039607B6800
:10605000002B01D1012376E17B681B6803F001036B
:10606000002B16D17B681B6803F00203002B10D1B4
:106070007B681B6803F00403002B0AD17B681B6854
:1060800003F00803002B04D140F236317448FCF7CA
:10609000D8F93B68002B0AD03B68012B07D03B683E
:1060A000022B04D040F237316D48FCF7CAF96D4B32
:1060B0001B6803F007033A689A4210D9694B1B68C2
:1060C00023F0070267493B6813430B60654B1B686D
:1060D00003F007033A689A4201D0012333E17B6859
:1060E0001B6803F00203002B49D07B681B6803F098
:1060F0000403002B05D05C4B5B685B4A43F4E06310
:1061000053607B681B6803F00803002B05D0564BD7
:106110005B68554A43F4605353607B689B68002B6F
:1061200024D07B689B68802B20D07B689B68902B59
:106130001CD07B689B68A02B18D07B689B68B02B19
:1061400014D07B689B68C02B10D07B689B68D02BD9
:106150000CD07B689B68E02B08D07B689B68F02B99
:1061600004D040F25D313E48FCF76BF93E4B5B6872
:1061700023F0F0027B689B683B4913434B607B68CC
:106180001B6803F00103002B51D07B685B68002B78
:106190000CD07B685B68012B08D07B685B68022BA6
:1061A00004D04FF459712E48FCF74BF97B685B68BB
:1061B000012B07D12C4B1B6803F40033002B15D1A6
:1061C0000123C0E07B685B68022B07D1264B1B686C
:1061D00003F00073002B09D10123B4E0224B1B68AC
:1061E00003F00203002B01D10123ACE01E4B5B68DE
:1061F00023F003027B685B681B4913434B60FEF787
:1062000073FCF8600AE0FEF76FFC0246FB68D31AE5
:1062100041F28832934201D9032394E0124B5B6828
:1062200003F00C027B685B689B009A42EBD10D4B3C
:106230001B6803F007033A689A4217D2094B1B68A0
:1062400023F0070207493B6813430B60054B1B68AB
:1062500003F007033A689A4208D0012373E000BFB5
:10626000E0BE000800200240001002407B681B686E
:1062700003F00403002B25D07B68DB68002B18D0CB
:106280007B68DB68B3F5806F13D07B68DB68B3F5A0
:10629000A06F0ED07B68DB68B3F5C06F09D07B6858
:1062A000DB68B3F5E06F04D040F2A2312848FCF778
:1062B000C8F8284B5B6823F4E0627B68DB682549FB
:1062C00013434B607B681B6803F00803002B26D048
:1062D0007B681B69002B18D07B681B69B3F5806F46
:1062E00013D07B681B69B3F5A06F0ED07B681B6968
:1062F000B3F5C06F09D07B681B69B3F5E06F04D0BC
:1063000040F2A9311248FCF79CF8124B5B6823F469
:1063100060527B681B69DB000E4913434B6000F041
:1063200021F802460B4B5B681B0903F00F030A4977
:10633000CB5C22FA03F3094A1360094B1B68184629
:10634000FEF790FB002318461037BD4680BD00BF06
:10635000E0BE00080010024084BF000804000020D6
:106360000800002080B487B000AF0023FB6000234A
:10637000BB6000237B6100237B6000233B611E4BDD
:106380005B68FB60FB6803F00C03042B02D0082B56
:1063900003D027E0194B3B6127E0FB689B0C03F01F
:1063A0000F03174AD35C7B60FB6803F48033002B38
:1063B00010D0114B5B685B0C03F00103114AD35CF6
:1063C000BB607B680D4A03FB02F2BB68B2FBF3F3D0
:1063D0007B6104E07B680C4A02FB03F37B617B6911
:1063E0003B6102E0054B3B6100BF3B6918461C372F
:1063F000BD4680BC704700BF0010024000127A000A
:106400009CBF0008ACBF000800093D0080B400AF8D
:10641000024B1B681846BD4680BC70470400002034
:1064200080B500AFFFF7F2FF0246054B5B681B0A21
:1064300003F007030349CB5C22FA03F3184680BD3F
:106440000010024094BF000880B500AFFFF7DEFFE8
:106450000246054B5B68DB0A03F007030349CB5C8C
:1064600022FA03F3184680BD0010024094BF0008D2
:1064700080B485B000AF78600A4B1B680A4AA2FB63
:1064800003235B0A7A6802FB03F3FB6000BFFB682F
:106490005A1EFA60002BF9D100BF00BF1437BD4669
:1064A00080BC704704000020D34D621080B582B0DC
:1064B00000AF78607B68002B01D1012395E07B68F9
:1064C0009B69002B2CD07B681B684A4A93420ED0F4
:1064D0007B681B68484A934209D07B681B68474A1F
:1064E000934204D04FF4B7714548FBF7AAFF7B688D
:1064F0009B69002B28D07B689B69B3F5807F23D0F4
:106500007B689B69B3F5007F1ED07B689B69B3F500
:10651000407F19D040F26F113948FBF792FF13E02A
:106520007B681B68334A93420ED07B681B68324AF3
:10653000934209D07B681B68304A934204D040F2F2
:1065400073112F48FBF77DFF7B689B68002B09D0F8
:106550007B689B68B3F5805F04D040F275112848D2
:10656000FBF76FFF7B6893F84130DBB2002B06D15D
:106570007B68002283F840207868FCF71DF97B686F
:10658000242283F841207B681B68DA687B681B68DB
:1065900022F40052DA60786800F05CFF7B681B68C8
:1065A0001A697B681B6822F490421A617B681B6839
:1065B0005A697B681B6822F02A025A617B681B6853
:1065C000DA687B681B6842F40052DA607B6800225C
:1065D0005A647B68202283F841207B68202283F85C
:1065E00042207B6800225A63002318460837BD46C4
:1065F00080BD00BF0038014000440040004800401A
:1066000018BF000880B58AB002AFF860B9603B607F
:106610001346FB8000237B61FB6893F84130DBB2BB
:10662000202B75D1BB68002B02D0FB88002B01D139
:1066300001236EE0FB6800225A64FB68212283F884
:106640004120FEF751FA7861FB68FA889A84FB686A
:10665000FA88DA84FB689B68B3F5805F08D1FB6831
:106660001B69002B04D10023FB61BB68BB6103E005
:10667000BB68FB610023BB612EE03B6800937B6934
:1066800000228021F86800F090FC0346002B05D022
:10669000FB68202283F8412003233AE0FB69002BAA
:1066A0000BD1BB691B881A46FB681B68C2F3080242
:1066B0005A60BB690233BB6107E0FB691A78FB686B
:1066C0001B685A60FB690133FB61FB68DB8C9BB282
:1066D000013B9AB2FB68DA84FB68DB8C9BB2002B2F
:1066E000CBD13B6800937B6900224021F86800F021
:1066F0005CFC0346002B05D0FB68202283F8412078
:10670000032306E0FB68202283F84120002300E0F9
:10671000022318462037BD4680BD80B584B000AF47
:10672000F860B9601346FB80FB6893F84230DBB237
:10673000202B12D1BB68002B02D0FB88002B01D18B
:1067400001230BE0FB6800221A63FB881A46B96834
:10675000F86800F083FC034600E002231846103777
:10676000BD4680BD80B58CB000AFF860B9601346FF
:10677000FB80FB6893F84130DBB2202B56D1BB681D
:10678000002B02D0FB88002B01D101234FE0BA6817
:10679000FB681A62FB68FA889A84FB68FA88DA84D4
:1067A000FB6800225A64FB68212283F84120FB68C1
:1067B0009B6B214A9A62FB689B6B204ADA62FB68FA
:1067C0009B6B1F4A1A63FB689B6B00225A6307F19D
:1067D0000803FB62FB68986BFB6A1968FB681B681F
:1067E00004331A46FB88FEF7C5FBFB681B686FF095
:1067F00040021A60FB681B681433BB61BB6953E835
:10680000003F7B617B6943F08003BB62FB681B68D0
:106810001433BA6A7A623B62396A7A6A41E80023C1
:10682000FB61FB69002BE5D1002300E00223184641
:106830003037BD4680BD00BF616E0008FB6E0008AA
:10684000176F000880B58EB000AF78607B681B685A
:106850000C333B623B6A53E8003FFB61FB6923F06A
:10686000C0037B637B681B680C337A6BFA62BB6284
:10687000B96AFA6A41E800237B627B6A002BE5D1A2
:106880007B681B685B6903F08003002B36D07B6854
:106890001B681433FB60FB6853E8003FBB60BB68B8
:1068A00023F080033B637B681B6814333A6BBA6147
:1068B0007B617969BA6941E800233B613B69002B40
:1068C000E5D17B689B6B002B18D07B689B6B00220B
:1068D0005A637B689B6B1846FEF7BAFB0346002B96
:1068E0000CD07B689B6B1846FEF76CFD0346202B93
:1068F00004D17B6810225A64032307E07B680022DE
:10690000DA847B68202283F8412000231846383738
:10691000BD4680BD80B5BAB000AF78607B681B68AB
:106920001B68C7F8E4307B681B68DB68C7F8E03099
:106930007B681B685B69C7F8DC300023C7F8D83078
:106940000023C7F8D430D7F8E43003F00F03C7F8BA
:10695000D830D7F8D830002B0FD1D7F8E43003F077
:106960002003002B09D0D7F8E03003F02003002BE0
:1069700003D0786800F0AFFC5BE2D7F8D830002B8A
:1069800000F0DE80D7F8DC3003F00103002B06D1E5
:10699000D7F8E03003F49073002B00F0D180D7F8E3
:1069A000E43003F00103002B0BD0D7F8E03003F400
:1069B0008073002B05D07B685B6C43F001027B6821
:1069C0005A64D7F8E43003F00403002B0BD0D7F857
:1069D000DC3003F00103002B05D07B685B6C43F0D7
:1069E00002027B685A64D7F8E43003F00203002BFC
:1069F0000BD0D7F8DC3003F00103002B05D07B6807
:106A00005B6C43F004027B685A64D7F8E43003F00F
:106A10000803002B11D0D7F8E03003F02003002B3F
:106A200005D1D7F8DC3003F00103002B05D07B68DB
:106A30005B6C43F008027B685A647B685B6C002BDC
:106A400000F0F281D7F8E43003F02003002B08D0E7
:106A5000D7F8E03003F02003002B02D0786800F074
:106A60003AFC7B681B685B6903F04003002B14BF92
:106A700001230023DBB2C7F8D4307B685B6C03F0E2
:106A80000803002B03D1D7F8D430002B4FD07868FF
:106A900000F044FB7B681B685B6903F04003002B3C
:106AA00041D07B681B681433C7F89C30D7F89C3002
:106AB00053E8003FC7F89830D7F8983023F04003E8
:106AC000C7F8D0307B681B681433D7F8D020C7F8DC
:106AD000A820C7F8A430D7F8A410D7F8A82041E818
:106AE0000023C7F8A030D7F8A030002BD9D17B689D
:106AF000DB6B002B13D07B68DB6B7E4A5A637B68B1
:106B0000DB6B1846FEF7E0FA0346002B16D07B68D5
:106B1000DB6B5B6B7A68D26B104698470EE0786847
:106B2000FAF750FE0AE07868FAF74CFE06E078685B
:106B3000FAF748FE7B6800225A6475E100BF73E1F2
:106B40007B681B6B012B40F04F81D7F8E43003F0DA
:106B50001003002B00F04881D7F8E03003F0100359
:106B6000002B00F041810023BB607B681B681B6821
:106B7000BB607B681B685B68BB60BB687B681B682D
:106B80005B6903F04003002B00F0B6807B68DB6B91
:106B90001B685B68A7F8BE30B7F8BE30002B00F06A
:106BA00045817B689B8DB7F8BE209A4280F03E817C
:106BB0007B68B7F8BE20DA857B68DB6B9B69202B8E
:106BC00000F088807B681B680C33C7F88830D7F8E2
:106BD000883053E8003FC7F88430D7F8843023F476
:106BE0008073C7F8B8307B681B680C33D7F8B820BF
:106BF000C7F89420C7F89030D7F89010D7F89420B1
:106C000041E80023C7F88C30D7F88C30002BD9D15D
:106C10007B681B6814337B677B6F53E8003F3B67DF
:106C20003B6F23F00103C7F8B4307B681B68143353
:106C3000D7F8B420C7F88020FB67F96FD7F8802019
:106C400041E80023BB67BB6F002BE1D17B681B6869
:106C500014333B663B6E53E8003FFB65FB6D23F04E
:106C60004003C7F8B0307B681B681433D7F8B020F6
:106C7000FA66BB66B96EFA6E41E800237B667B6EEE
:106C8000002BE3D17B68202283F842207B6800221E
:106C90001A637B681B680C33FB64FB6C53E8003F92
:106CA000BB64BB6C23F01003C7F8AC307B681B6877
:106CB0000C33D7F8AC20BA657B65796DBA6D41E8C5
:106CC00000233B653B6D002BE3D17B68DB6B1846F3
:106CD000FEF7BEF97B6802225A637B689A8D7B6857
:106CE000DB8D9BB2D31A9BB21946786800F0ADF8E1
:106CF0009CE000BFE17100087B689A8D7B68DB8DAA
:106D00009BB2D31AA7F8CE307B68DB8D9BB2002BE9
:106D100000F08E80B7F8CE30002B00F089807B68C1
:106D20001B680C33BB63BB6B53E8003F7B637B6B1F
:106D300023F49073C7F8C8307B681B680C33D7F80E
:106D4000C8207A643B64396C7A6C41E80023FB63A9
:106D5000FB6B002BE3D17B681B6814337B627B6A7F
:106D600053E8003F3B623B6A23F00103C7F8C4309D
:106D70007B681B681433D7F8C4203A63FB62F96A56
:106D80003A6B41E80023BB62BB6A002BE3D17B680E
:106D9000202283F842207B6800221A637B681B68EC
:106DA0000C333B613B6953E8003FFB60FB6823F019
:106DB0001003C7F8C0307B681B680C33D7F8C020BD
:106DC000FA61BB61B969FA6941E800237B617B69BB
:106DD000002BE3D17B6802225A63B7F8CE30194604
:106DE000786800F032F823E0D7F8E43003F080034D
:106DF000002B09D0D7F8E03003F08003002B03D03C
:106E0000786800F001FA14E0D7F8E43003F04003AA
:106E1000002B0ED0D7F8E03003F04003002B08D051
:106E2000786800F040FA04E000BF02E000BF00E034
:106E300000BFE837BD4680BD80B483B000AF786046
:106E400000BF0C37BD4680BC704780B483B000AF34
:106E500078600B467B8000BF0C37BD4680BC704716
:106E600080B590B000AF78607B685B6AFB637B683D
:106E70001B681B6803F02003002B37D1FB6B00223B
:106E8000DA84FB6B1B6814337B627B6A53E8003F38
:106E90003B623B6A23F08003BB63FB6B1B681433CC
:106EA000BA6B3A63FB62F96A3A6B41E80023BB6252
:106EB000BB6A002BE5D1FB6B1B680C333B613B6964
:106EC00053E8003FFB60FB6843F040037B63FB6BD0
:106ED0001B680C337A6BFA61BB61B969FA6941E8E6
:106EE00000237B617B69002BE5D102E0F86BFAF7A8
:106EF00003FC00BF4037BD4680BD80B584B000AF05
:106F000078607B685B6AFB60F868FFF795FF00BFFD
:106F10001037BD4680BD80B584B000AF78600023D7
:106F2000FB607B685B6ABB60BB681B685B6903F0E6
:106F30008003002B14BF01230023DBB2FB60BB687E
:106F400093F84130DBB2212B08D1FB68002B05D030
:106F5000BB680022DA84B86800F0B9F8BB681B6827
:106F60005B6903F04003002B14BF01230023DBB255
:106F7000FB60BB6893F84230DBB2222B08D1FB6880
:106F8000002B05D0BB680022DA85B86800F0C6F88F
:106F9000BB685B6C43F01002BB685A64B868FAF7D0
:106FA00011FC00BF1037BD4680BD80B586B000AF74
:106FB000F860B9603B601346FB713BE03B6AB3F19C
:106FC000FF3F37D0FDF790FD02463B68D31A3A6A7F
:106FD0009A4202D33B6A002B01D103233AE0FB68BB
:106FE0001B68DB6803F00403002B23D0BB68802BF5
:106FF00020D0BB68402B1DD0FB681B681B6803F0CA
:107000000803082B16D100237B61FB681B681B68F3
:107010007B61FB681B685B687B617B69F86800F0DB
:107020007DF8FB6808225A64FB68002283F8402040
:1070300001230FE0FB681B681A68BB681340BA683D
:107040009A420CBF01230023DBB21A46FB799A4215
:10705000B4D0002318461837BD4680BD80B485B033
:1070600000AFF860B9601346FB80FB68BA689A62AB
:10707000FB68FA889A85FB68FA88DA85FB68002243
:107080005A64FB68222283F84220FB681B69002BAC
:1070900007D0FB681B68DA68FB681B6842F48072E3
:1070A000DA60FB681B685A69FB681B6842F00102E2
:1070B0005A61FB681B68DA68FB681B6842F02002B3
:1070C000DA60002318461437BD4680BC704780B490
:1070D00089B000AF78607B681B680C33FB60FB688D
:1070E00053E8003FBB60BB6823F0C003FB617B68D3
:1070F0001B680C33FA69BA617B617969BA6941E846
:1071000000233B613B69002BE5D17B68202283F89B
:10711000412000BF2437BD4680BC704780B495B085
:1071200000AF78607B681B680C337B637B6B53E834
:10713000003F3B633B6B23F49073FB647B681B68ED
:107140000C33FA6C3A64FB63F96B3A6C41E8002348
:10715000BB63BB6B002BE5D17B681B6814333B62C0
:107160003B6A53E8003FFB61FB6923F00103BB640A
:107170007B681B681433BA6CFA62BB62B96AFA6A3C
:1071800041E800237B627B6A002BE5D17B681B6BA7
:10719000012B19D17B681B680C33FB60FB6853E83B
:1071A000003FBB60BB6823F010037B647B681B68F7
:1071B0000C337A6CBA617B617969BA6941E8002362
:1071C0003B613B69002BE5D17B68202283F842209C
:1071D0007B6800221A6300BF5437BD4680BC7047ED
:1071E00080B584B000AF78607B685B6AFB60FB6849
:1071F0000022DA85FB680022DA84F868FAF7E2FAFE
:1072000000BF1037BD4680BD80B485B000AF786048
:107210007B6893F84130DBB2212B3ED17B689B68C1
:10722000B3F5805F14D17B681B69002B10D17B689C
:107230001B6AFB60FB681B881A467B681B68C2F3ED
:1072400008025A607B681B6A9A1C7B681A6208E015
:107250007B681B6A591C7A6811621A787B681B6804
:107260005A607B68DB8C9BB2013B9BB27A68194603
:10727000D184002B0FD17B681B68DA687B681B68A0
:1072800022F08002DA607B681B68DA687B681B6822
:1072900042F04002DA60002300E00223184614376F
:1072A000BD4680BC704780B582B000AF78607B6817
:1072B0001B68DA687B681B6822F04002DA607B6832
:1072C000202283F841207868FAF716FA002318463E
:1072D0000837BD4680BD80B58CB000AF78607B6854
:1072E00093F84230DBB2222B40F0AE807B689B6883
:1072F000B3F5805F17D17B681B69002B13D1002386
:10730000FB627B689B6ABB627B681B685B689BB2A5
:10731000C3F308039AB2BB6A1A807B689B6A9A1C03
:107320007B689A6226E07B689B6AFB620023BB62F3
:107330007B689B68B3F5805F07D07B689B68002BF8
:107340000AD17B681B69002B06D17B681B685B68D0
:10735000DAB2FB6A1A7008E07B681B685B68DBB214
:1073600003F07F03DAB2FB6A1A707B689B6A5A1CCF
:107370007B689A627B68DB8D9BB2013B9BB27A682B
:107380001946D185002B5DD17B681B68DA687B6864
:107390001B6822F02002DA607B681B68DA687B6871
:1073A0001B6822F48072DA607B681B685A697B680C
:1073B0001B6822F001025A617B68202283F8422078
:1073C0007B6800225A637B681B6B012B35D17B687D
:1073D00000221A637B681B680C337B617B6953E86E
:1073E000003F3B613B6923F010037B627B681B68B5
:1073F0000C337A6A3A62FB61F9693A6A41E8002320
:10740000BB61BB69002BE5D17B681B681B6803F07F
:107410001003102B0AD10023FB607B681B681B68DC
:10742000FB607B681B685B68FB60FB687B689B8D0F
:1074300019467868FFF709FD02E07868FAF730F935
:10744000002302E0002300E0022318463037BD4647
:1074500080BD000080B584B000AF78607B685B6859
:107460005F4A934204D940F675615E48FAF7E9FF36
:107470007B68DB68002B09D07B68DB68B3F5005FB5
:1074800004D040F676615748FAF7DBFF7B681B694A
:10749000002B0ED07B681B69B3F5806F09D07B6829
:1074A0001B69B3F5C06F04D040F677614D48FAF719
:1074B000C8FF7B685A694FF6F3731340002B03D162
:1074C0007B685B69002B04D140F678614548FAF788
:1074D000B8FF7B681B681B6923F440517B68DA683E
:1074E0007B681B680A431A617B689A687B681B6922
:1074F0001A437B685B691343BB607B681B68DB686E
:1075000023F4B05323F00C037A681268B9680B4374
:10751000D3607B681B685B6923F440717B689A6960
:107520007B681B680A435A617B681B682E4A93423A
:1075300003D1FEF789FFF86002E0FEF771FFF86003
:10754000FA6813469B0013449A001A447B685B68F0
:107550009B00B2FBF3F3254AA2FB03235B0919014D
:10756000FA6813469B0013449A001A447B685B68D0
:107570009B00B2FBF3F21D4BA3FB02035B096420EB
:1075800000FB03F3D31A1B013233184AA2FB032377
:107590005B0903F0F0031944FA6813469B00134497
:1075A0009A001A447B685B689B00B2FBF3F20F4BB6
:1075B000A3FB02035B09642000FB03F3D31A1B0146
:1075C00032330A4AA2FB03235B0903F00F027B68F4
:1075D0001B680A449A6000BF1037BD4680BD00BFDB
:1075E00020AA440018BF0008003801401F85EB5155
:1075F000002100F0F5BD2DE9F0410F46904602F064
:10760000A5F804460D46B8F1000F11D0C7F30A5390
:10761000C3F16B03002B0BDD00241B0503F17F5529
:1076200005F5401522462B46F8F756FF04460D4651
:1076300020462946BDE8F0812DE9F04F9DB0159216
:1076400000220E464FF000084FF0000904901892F7
:1076500017910A780D462B2A01F101011DD00BD894
:107660000D2A06D8082AF3D87AB100239A460B933C
:1076700081E0202AECD0F8E72D2A10D10122691CE4
:1076800017910B926A78002A35D1159B1796002B1B
:1076900040F08B85404649462AE00022EFE7002172
:1076A0000B91302A40F099806A7802F0DF02582A64
:1076B00058D102930B9B814A019318AB0093049815
:1076C00019AB17A901F038F910F00F06044605D0E0
:1076D000062E12D10023013517950B93159B002B15
:1076E00040F065850B9B002BD4D0404609F100414A
:1076F0001DB0BDE8F08F0D46D3E7189A3AB1352199
:107700001AA802F013F91899049801F0E7FC013E59
:10771000042E06D8DFE806F014031E211400DDE96C
:107720001A89E00548BF49F0004929F000431B0DC4
:107730001B05002BD2D101F00DF822230360CDE709
:10774000199ADDE91A8302F2334223F4801343EAE3
:107750000259E6E7DFF86891E3E76FF000494FF080
:10776000FF38DEE7013517952B78302BFAD0002B48
:10777000B4D04FF0010A00272B46BB460A210E97D2
:10778000184613F8014BA4F13002092A28D9012226
:107790004C4900F086FF002833D0002022465C468A
:1077A000CDE90600652A01D0452A14D124B95AEA48
:1077B00000033FF46AAF0024179E731C179372787E
:1077C0002B2A72D02D2A76D04FF0000CA2F1300374
:1077D000092B7DD9179600239FE04FF0000ACAE7D6
:1077E000BBF1080FD7BF0E9A01FB074201FB024213
:1077F000303AD4BF0E92A2F130070BF1010B179370
:10780000BEE7179B5A1C17925A78BBF1000F33D072
:107810005C460690A2F13003092B12D9012307938D
:10782000C0E7179B01305A1C17925A78302AF8D0BB
:10783000A2F13103082B00F2BF8406900020044619
:10784000179D303A00F1010310D0069920441944E5
:107850000A230691A04211D1082800F1010419DC85
:107860000A230E9903FB01230E930023179A18464F
:10787000511C17915278CDE75846D7E7082C04F1F0
:10788000010403DC0E9959430E91E3E7102CD8BF95
:107890005F43DFE70F28DCBF0A2303FB0727E4E78A
:1078A00000210123CDE9061381E74FF0000CB31C42
:1078B0001793B2788AE74FF0010CF8E728C1000867
:1078C0000000F07FAEBF0008179B5A1C17925A7831
:1078D000302AF9D0A2F13103082B3FF67CAF179B79
:1078E000A2F1300E194605930B46013317931A780F
:1078F0001946A2F13003092B3CD9059BCB1A082B62
:1079000044F61F633CDC9E45A8BF9E46CDF814E0BC
:10791000BCF1000F02D0059B5B420593002C50D1B7
:107920005AEA00007FF4DAAE079B002B7FF4ADAE7D
:10793000692A29D026DC492A26D04E2A7FF4A5AE12
:107940009F4917A801F01AFA00283FF49EAE179B32
:107950001B78282B2FD19B491AAA17A801F022FACD
:10796000052828D11B9BDDF8688043F0FF4949F4C6
:10797000E009B3E60A2303FB0E22A2F1300EB3E7BF
:107980000593C5E76E2AD9E78F4917A801F0F6F9E4
:1079900000283FF47AAE179B8C49013B17A8179338
:1079A00001F0ECF910B9179B013317934FF0000861
:1079B000DFF81C9292E6874800F008FF804689466F
:1079C0008CE6DDE90532BBF1000F08BFA3469B1A28
:1079D000102C0E98A2460A93A8BF4FF0100AF8F791
:1079E00001FD092C8046894611DC0A9B002B3FF4DF
:1079F00075AE0A9B71DD162B58DC7749424601EBC8
:107A0000C3014B46D1E90001F8F766FDD6E7724B9A
:107A100003EBCA0353E91223F8F75EFD80463846AC
:107A20008946F8F7DFFC02460B4640464946F8F720
:107A30009DFB0F2C80468946D7DD0A9BA4EB0A0AE2
:107A40009A44BAF1000F40F397802AF00F061AF01B
:107A50000F0A51D1B6F59A7F5EDC002340464946B5
:107A60001F46DFF878A13611012E79D10BB180467F
:107A700089465A49A9F1547901EBC7014246D1E937
:107A800000014B46F8F728FD514B0A460B4054497C
:107A900080468B4240D8A1F580118B4286BF4FF0C3
:107AA000FF38DFF8409102F1547932E00A9AC4F1CC
:107AB00025039342C1DB484DC4F10F0405EBC4011B
:107AC0004246D1E900014B46F8F706FD0A9B1C1B14
:107AD00005EBC405D5E9002396E71633ADDBDDE9F8
:107AE00005239A1A3C4B404603EBC2034946D3E9AF
:107AF0000023F8F71BFE61E73749424601EBCA0154
:107B00004B46D1E90001F8F7E7FC80468946002E94
:107B1000A0D1002307939FE0002405940E940694BF
:107B200022234FF00008049ADFF8A49013600E9B04
:107B3000002B3FF4D3AD1899049801F0CFFA0699C1
:107B4000049801F0CBFADDE9040101F0C7FA0E99BF
:107B5000049801F0C3FA2146049801F0BFFABDE58C
:107B6000F20704D5DAE90023F8F7B6FC0123013760
:107B700076100AF1080A77E7CBD0CAF1000A4FEA7B
:107B80002A161AF00F0A0DD11F2E2DDD00240594A0
:107B90000E9406942223049A4FF000084FF0000937
:107BA0001360C4E70C4B404603EBCA034946D3E9D4
:107BB0000023F8F7BBFD80468946002EA9D0E3E7F5
:107BC000B9BF000814C10008B0BF0008B3BF000867
:107BD0000000F07F13C10008A0C1000878C10008B0
:107BE0000000A07CFFFFEF7F16F0100318BF6A2390
:107BF0004046079349460023764FF20704D5D7E95C
:107C00000023F8F769FC0123761007F10807F4D187
:107C10000BB180468946079BB3B1C9F30A52C2F142
:107C20006B03002B49460FDD1F2B59DD342BD8BFCA
:107C30004FF0FF334FF00008CFBF4FF05C79C2F137
:107C40004B02934003EA01090022002340464946C3
:107C5000F8F7AAFE002899D10E9B5A4600932946B0
:107C60002346049801F0A2FA0E9000283FF454AF86
:107C7000DDE905239B1A0A9A0024002AA8BF0023E5
:107C8000129322EAE273149305940E9B04985968A8
:107C900001F0E6F9069000283FF442AF0E9B0C304D
:107CA0001A6903F10C010232920000F080FD1AAB58
:107CB000019319AB009342464B460498CDE90C89D9
:107CC00001F0ACFD189000283FF42AAF0121049880
:107CD00001F002FB0346059048B9002305931FE716
:107CE0004FF0FF3202FA03F303EA0808ACE7199DEC
:107CF0001A9A002DABBF129B149BEF185E1B079BBB
:107D0000A8BF149EA5EB03051544334B05F1FF35C1
:107D1000B8BF129F9D42C2F136024FDA5B1B1F2B88
:107D20004FF00101A2EB03023CDC4FF0000B01FA23
:107D300003FABD18079BAF4216441E443B46A8BF3A
:107D40002B46B342A8BF3346002BC2BFED1AF61A2A
:107D5000FF1A129B002B16DDDDE904011A4601F023
:107D600079FB05900028B8D00146189A049801F0D4
:107D7000C9FA0F9000283FF4D3AE1899049801F087
:107D8000ADF90F9B1893002D1BDC0A9B002B25DD02
:107D9000149A0699049801F05DFB0690F0B900234F
:107DA0000693BDE6C5F17F4505F57F0505F57B45E5
:107DB000E23501FA05FB4FF0010ABAE74FF0000B7C
:107DC000F9E72A461899049801F0A0FB18900028BA
:107DD000DBD1A5E640C1000802FCFFFF002E07DD55
:107DE00032460699049801F091FB06900028D6D0FF
:107DF000002F08DDDDE904013A4601F087FB05901C
:107E000000283FF48DAE069A1899049801F006FCFC
:107E1000044600283FF484AEC36805990F930023FD
:107E2000C36001F0DFFB00283CDA0F9B53EA080334
:107E30005ED1C9F313034D46002B59D129F00043FD
:107E40001B0D1B05B3F1D66F52D9636913B92369B2
:107E5000012B4DDD21460122049801F057FB0599C5
:107E6000044601F0BFFB002842DDA74B079A2B40D8
:107E7000002A5FD0B3F1D66F5CD8B3F15C7F7FF698
:107E800089AE40464946A14B0022F8F725FB9E4BA0
:107E900080460B408946002B7FF44DAE2223049A86
:107EA000136048E64D4662D10F9AC9F3130342B3FB
:107EB000974A934228D1079B4146EBB1924B4FF032
:107EC000FF322B40B3F1D46F19D81B0DC3F16B03F4
:107ED00002FA03F3994217D18E4B9D4202D1013130
:107EE0003FF41EAE4FF00008874B2B4003F580197E
:107EF000079B002BC5D11EE64FF0FF33EAE7134680
:107F0000E8E753EA0803B0D0BBF1000F1BD01BEA2F
:107F1000050FEDD00F9B40464946079AB3B1FFF7D6
:107F20006AFB02460B46DDE90C01F8F71FF98046B3
:107F30008946DDE7A3F580136FEA13594FF0FF3848
:107F40006FEA0959D4E71AEA080FE2E7FFF753FB93
:107F500002460B46DDE90C01F8F706F90022002382
:107F600080468946F8F720FD0028C1D012E6204659
:107F7000059901F0ABFC00224FF0804306460F4606
:107F8000F8F726FD00286ED00F9B002B79D1B8F1B1
:107F9000000F54D1C9F31303002B56D100223046F1
:107FA00039465D4BF8F70AFD002857D100223046CC
:107FB00039465A4BF8F790FA82468B460BF100434C
:107FC000CDF820A00993504B4F4A2B401393544BAC
:107FD0002A409A42DDE9086740F0A880A5F154796B
:107FE0004046494601F0B2FBDDE90823F8F774FA90
:107FF00042464B46F8F7BAF8434D4A4A0D4095427F
:10800000804645D90D9A434B9A4203D10C9B0133CC
:108010003FF486AD4FF0FF38DFF8F89018990498D8
:1080200001F05CF80699049801F058F8DDE90401C4
:1080300001F054F82146049801F050F825E6B8F113
:10804000010F02D1002D3FF4A5AD0022364B4FF0B9
:10805000000ACDE90823DFF8C0B0B4E74FF0000A0A
:10806000DFF8B8B0AAE72D4B002230463946F8F7C2
:1080700033FA0F9B82468B46002B9FD0CDE908AB8D
:10808000A1E70022244B92469B46CDE908239AE7BC
:1080900001F15479079B002BC0D129F00043139ABA
:1080A0001B0D1B059A42B9D150465946F9F77EF887
:1080B000F8F7E4F902460B4650465946F8F754F8EB
:1080C0000F9AC9F3130343EA0803134306460F4606
:1080D00065D009A3D3E90023F8F770FC00287FF4EA
:1080E0002AAD07A3D3E9002330463946F8F784FCCC
:1080F000002893D01FE500BF9535A094FFFFDF3F18
:1081000035E5AF350000E03F0000F07F000050395A
:10811000FFFF0F00FFFFEF7F0000F03F0000E03F98
:108120000000E07FFFFF9F7C0000F0BF079B13B3C0
:10813000139BB3F1D46F1ED825A3D3E90023504677
:108140005946F8F745FC90B159465046F8F75EFCA1
:10815000012838BF0120F8F745F90F9B82468B466E
:10816000D3B901F1004310901193DDE91067139A20
:1081700007F1D6639F1ADDE90C0101F0E7FA024628
:108180000B4630463946F8F7A7F9DDE90C23F7F737
:10819000EDFF804689467DE7CDE910ABE5E70EA30C
:1081A000D3E90023F8F70AFCA2E700230B93179BFF
:1081B000159A1360FFF796BA652A3FF471AB452A0A
:1081C0003FF46EAB01230793FFF7AABBAFF3008028
:1081D0000000C0FFFFFFDF419535A094FFFFCF3FB8
:1081E0000A4601460248034B0068FFF725BA00BF64
:1081F000880100201C000020002310B50446C0E9BF
:108200000033C0E90433836081814366C2818361A6
:10821000194608225C3000F02FFA0D4B246263628D
:108220000C4BA3620C4BE3620C4B23630C4B9C4244
:1082300006D003F16802944202D0D0339C4205D1AB
:1082400004F15800BDE8104000F0AEBA10BD00BF08
:10825000CD840008EF840008278500084D850008BC
:108260001C070020024A0349034800F06BB800BF16
:108270001000002025A300088C01002041680C4B51
:1082800010B59942044601D002F04CF8A168094BA0
:10829000994202D0204602F045F8E168064B994227
:1082A00004D02046BDE8104002F03CB810BD00BF2D
:1082B0001C07002084070020EC0700200C4B0D4A0F
:1082C00010B504211A600C480022FFF795FF0A4BF5
:1082D00001221C46092103F16800FFF78DFF04F11C
:1082E000D0000222BDE810401221FFF785BF00BF79
:1082F00054080020658200081C070020014800F097
:1083000054BA00BF5D080020014800F04FBA00BF1A
:108310005D08002010B50446FFF7F0FF236A1BB18B
:10832000BDE81040FFF7F0BF044B2362044B1B680D
:10833000002BF5D1FFF7C2FFF2E700BF7D820008F6
:10834000540800202DE9F8430746884614460026C5
:10835000D4E90195B9F1010905D52468002CF7D1BC
:108360003046BDE8F883AB89012B07D9B5F90E304B
:10837000013303D029463846C04706436835E9E74C
:108380000FB407B5064904AB086853F8042B81689D
:10839000019301F09DFC03B05DF804EB04B070475D
:1083A00088010020036A70B505460E4684680BB943
:1083B000FFF7B0FF636EDB0705D4A389980502D4ED
:1083C000A06D00F0F2F9A389190702D52369002BEB
:1083D00035D12146284600F0FBF880B34FF0FF3539
:1083E000636EDA0705D4A3899B0502D4A06D00F063
:1083F000DDF9284670BD002B04DAA269934217DB31
:108400000A2915D023685A1C22601970A36816F82F
:10841000011F013BA3600029EDD1002B11DA224698
:108420000A21284600F096F80130D7D00A25D7E770
:108430002246284600F08EF80130E7D1CEE7013E13
:10844000E4E723685A1C22600A221A70EEE7000053
:10845000024B01461868FFF7A5BF00BF8801002046
:108460000CB430B5184B0C1E1D689DB008DA8B2378
:108470004FF0FF302B601DB0BDE8304002B07047B8
:108480004FF40273ADF814304FF000031B930CBF90
:10849000234604F1FF33049307934FF6FF730290D2
:1084A0000690ADF81630284621AB209A02A9019318
:1084B00001F0EEFA431CBCBF8B232B60002CDAD0FA
:1084C0000022029B1A70D6E78801002010B50C46E6
:1084D000B1F90E1000F01AF90028ABBF636DA38943
:1084E0001B1823F48053ACBF6365A38110BD2DE935
:1084F000F0411F468B890546DB050C46164605D51F
:1085000002230022B1F90E1000F0EEF8A3893246E2
:1085100023F48053A38128463B46B4F90E10BDE8EE
:10852000F04100F005B910B50C46B1F90E1000F09D
:10853000DBF8B4F90C30421C0BBF23F4805343F436
:108540008053A381A38118BF606510BDB1F90E10DF
:1085500000F0BAB8F8B50E461446054618B1036ADD
:108560000BB9FFF7D7FEA369A360A3891A0701D54A
:10857000236943B92146284600F02AF818B14FF084
:10858000FF373846F8BD23682269F6B2981A636946
:108590003746834205DC2146284601F0C3FE002809
:1085A000EDD1A368013BA36023685A1C22601E70B2
:1085B0006269431C9A4204D0A389DB07E1D50A2EE5
:1085C000DFD12146284601F0ADFE0028D9D0D6E7FC
:1085D00038B5284B054618680C4618B1036A0BB924
:1085E000FFF798FEB4F90C301A0721D4D80607D447
:1085F00009222A6043F040034FF0FF30A38130E0AE
:10860000590712D5616B41B104F14403994202D07C
:10861000284600F0E1F8002363630022B4F90C302F
:108620006260226923F02403226043F00803A381DF
:1086300022693AB99A0501D5180603D5214628467C
:1086400001F0BCFEB4F90C3013F001020AD0002294
:10865000A26062695242A261226942B913F08000AD
:10866000C8D138BD990758BF6269A260F4E70020FD
:10867000F7E700BF8801002003460244934200D17F
:10868000704703F8011BF9E70346C9B2184613F80F
:10869000012B12B18A42F9D17047002918BF00207E
:1086A000704710B56AB10139841810F8012B11F820
:1086B000013F9A4203D1A04201D0002AF5D1D01A3D
:1086C00010BD1046FCE7000038B50023054D0446F8
:1086D00008462B60F9F785FF431C02D12B6803B1D4
:1086E000236038BD5808002038B5044608461146B6
:1086F0000022054D2A601A46F9F797FF431C02D164
:108700002B6803B1236038BD5808002038B50446F3
:10871000084611460022054D2A601A46F9F744FF23
:10872000431C02D12B6803B1236038BD58080020D8
:1087300038B50446084611460022054D2A601A46FF
:10874000F8F764FF431C02D12B6803B1236038BDE6
:1087500058080020014B1868704700BF88010020AE
:1087600070B500260C4D0D4B5B1B9C10A64209D129
:10877000002603F00FF90A4D0A4B5B1B9C10A64222
:1087800005D170BD55F8043B98470136EEE755F822
:10879000043B98470136F2E784C7000884C7000805
:1087A00084C7000888C700087047704770470A44AC
:1087B000914200F1FF3300D1704710B511F8014B21
:1087C000914203F8014FF9D110BD0000002001498A
:1087D000704700BF0000F87F38B50546002940D03B
:1087E00051F8043C0C1F002BB8BFE41800F02CFC1F
:1087F0001C4A136833B9636014602846BDE83840EA
:1088000000F028BCA34208D9206821188B4201BF80
:1088100019685B6809182160EDE71A465B680BB1BF
:10882000A342FAD911685018A0420BD12068014424
:10883000501883421160E0D118685B6808441060EA
:108840005360DAE702D90C232B60D6E720682118A1
:108850008B4201BF19685B6809182160636054602E
:10886000CBE738BD6408002003692DE9F043B3EB82
:10887000611F00F114044FEA611246DD11F01F017F
:1088800004EB830604EB82050CD1294600F11007A6
:10889000B14235D39B1A9B00EA1E964238BF002393
:1088A000234415E0A14654F82270C1F12008CF40BE
:1088B00005F1040E7645F44616D89A1A9200043A49
:1088C0000135AE4238BF0022A318A75007B10433C8
:1088D000A342A3EB040208BF00234FEAA2020261F5
:1088E00008BF4361BDE8F083DCF800C00CFA08FC67
:1088F0004CEA070749F8047B5EF8047BCF40D9E7D0
:1089000051F804CB47F804CFC2E72346E0E7A0F1D3
:108910003003092B02D82038C0B27047A0F16103A0
:10892000052B01D84738F7E7A0F14103052B01D803
:108930002738F1E7002070472DE9F04F8A4690462E
:1089400085B002930B6801909C1CA14614F8010BA2
:108950003028FAD0A9EB0303A3F1020BFFF7D7FFEE
:108960000546002868D1012248469F49FFF799FE35
:108970000746002867D199F801002646FFF7C7FF90
:10898000002862D0234618789946302803F1010365
:10899000F9D0FFF7BCFFB0FA80F54FF0010B6D097D
:1089A0004A46164630780132FFF7B1FF0028F8D169
:1089B000012230468C49FFF774FE00283FD144B9AC
:1089C000741C2246164630780132FFF7A0FF0028BB
:1089D000F8D1A41BA700337803F0DF03502B3ED15E
:1089E00073782B2B33D02D2B34D00024711C0878B6
:1089F000FFF78DFF431EDBB2182B30D8A0F1100219
:108A000011F8010FFFF783FF00F1FF3C5FFA8CFCC8
:108A1000BCF1180F4FF00A031ED904B1524217449B
:108A2000CAF80010EDB1BBF1000F0CBF0625002500
:108A3000284605B0BDE8F08F00252C46B0E7002C95
:108A4000C7D12746C7E74E462F460125C3E7002476
:108A5000B11CCCE70124FBE703FB0200CEE7314663
:108A6000DEE72946A6EB0903013B072B0ADC019848
:108A700000F0F6FA044640B90246E4215B4B5C483C
:108A800001F02EFD01315B10EFE7002300F1140A25
:108A900055469B46B14537D345F804BBA5EB0A05BF
:108AA000AD102561584600F0CBFB6D01D8F8006091
:108AB0002D1AB54254DDAD1B2946204600F059FF62
:108AC000814678B14FF001096B1E59115AF82110F7
:108AD00003F01F0209FA02F20A4203D04B4536DCCA
:108AE0004FF0020929462046FFF7BEFE2F44D8F872
:108AF0000830BB4242DA2146019800F0EFFA002329
:108B00000E9AA325136093E716F8012D2E2A12D092
:108B1000202B04D145F804BB4FF0000B5B463078A6
:108B20000393FFF7F4FE039B00F00F0098404BEA1D
:108B3000000B0433AEE7B145EAD8012230462A499A
:108B40000393FFF7AEFD039B0028E1D1A2E7204687
:108B5000A91E00F00EFF0028C2D04FF00309C1E7A4
:108B600009DA751B21462A46019800F0CFFC04461D
:108B70007F1B00F1140A4FF00009B8E7D8F8045041
:108B8000BD426FDDED1BAE4234DCD8F80C30022B59
:108B900022D0032B24D0012B15D1AE4213D1012EAC
:108BA0000BD1D8F80430029A6225136001232361A7
:108BB000CAF800300E9B1C603AE72046711E00F098
:108BC000D8FE0028EDD12146019800F087FA002355
:108BD0000E9A502513602BE70F9B002BF3D1E0E793
:108BE0000F9B002BDDD1EEE7AEBF0008C4BF00082D
:108BF000D5BF00086F1EB9F1000F30D127B139463B
:108C0000204600F0B6FE814601232946761B022548
:108C10007A115AF8222007F01F07BB401342204662
:108C200018BF49F00209FFF71FFED8F80470B9F128
:108C3000000F47D0D8F80C30022B15D0032B17D0DB
:108C4000012B09D119F0020F06D0DAF8003049EAF9
:108C5000030919F0010F0ED145F0100532E04FF075
:108C60000109D1E70125E2E70F9BC3F101030F934F
:108C70000F9B002BF0D04FF0000CD4F810B004F193
:108C800014034FEA8B0A03EB8B01184653F8042BAD
:108C9000B2F1FF3F1BD001320260022D04F1140338
:108CA0003CD1D8F80020013AB24209D10122711119
:108CB00053F8213006F01F0602FA06F61E423AD19A
:108CC00045F020050E9B1C60029B1F60B0E6994298
:108CD00043F804CCD9D8A3689B4517DB6168019899
:108CE000013100F0BDF9814618B902468421194BC3
:108CF000C5E6226904F10C01023292000C30FFF744
:108D000056FD2146019800F0E9F94C4623695A1CAA
:108D10002261012204EB83035A61BEE722695A45AE
:108D20000BDD01212046FFF79FFDD8F80830013701
:108D3000BB42FFF6E0AE0125C2E716F01F06FAD0EF
:108D4000534453F8040C00F07BFAC6F12006B042FD
:108D5000E7DBF0E7C4BF0008C2F10802920070B57B
:108D6000C2F120064368046803FA06F52C43D34099
:108D7000046040F8043F8842F4D370BD30B5036806
:108D8000013311F8014B14B90360012030BD13F811
:108D9000012BA2F14105192D98BF2032A242F0D03B
:108DA0000020F3E72DE9F04F00250B6882465E11A5
:108DB00002EB860613F01F0318BF0436371F9046D8
:108DC000B9463C46AB4687B00168019346F8045C5F
:108DD00002954A784B1C039342B3104605910492C6
:108DE000FFF795FD002853D1049A0599202A18D839
:108DF000029B9B4513DD4C4506D2072D04DC2A4619
:108E000049462046FFF7A8FF444554D90023A4F162
:108E1000040944F8043C1D464C46CDF808B00399BB
:108E2000D7E7292A59D10231CAF80010BBF1000F47
:108E300053D04C4506D2072D04DC2A46494620462D
:108E4000FFF78AFF444538D92346A8F1040253F8B6
:108E5000041B9F4242F8041FF9D23B1B23F003037B
:108E60000134033EB44288BF0023002108F104020C
:108E700013441A4604339F421160FAD23B681BB96F
:108E8000474528D101233B60052007B0BDE8F08F9E
:108E90000135082D0BF1010B06DD4445BFD9002338
:108EA000012544F8043C043C226800F00F0040EA2D
:108EB00002102060B3E70825B1E7019B002BDDD04D
:108EC0004FF0FF32C3F12003DA4056F8043C134060
:108ED00046F8043CD2E7043FD0E70420D5E7000081
:108EE00070B50F4E0C463168054611B901F0DAFA3B
:108EF00030602146284601F0D5FA431C03D14FF0DB
:108F0000FF34204670BDC41C24F00304A042F8D0F6
:108F1000211A284601F0C6FA0130F2D1EFE700BF6E
:108F2000600800202DE9F843CD1C25F00305083525
:108F30000C2D38BF0C25002D064601DBA94204D9B3
:108F40000C2333600020BDE8F883DFF8D48000F004
:108F50007BF8D8F800301C4644BB29463046FFF762
:108F6000BFFF431C044658D1D8F800402746002FC5
:108F700043D1002C4BD023683946304604EB03091B
:108F800001F090FA814542D1216830466D1A294698
:108F9000FFF7A6FF01303AD023682B442360D8F8AE
:108FA00000305A6862BBC8F800700FE02268521B9C
:108FB00020D40B2A17D96119A342256018BF596024
:108FC000636808BFC8F8001062514B60304600F07B
:108FD00041F804F10B00231D20F00700C21A1CBF4A
:108FE0001B1AA350AFE76268A3420CBFC8F8002069
:108FF0005A60EBE723466468AEE73C467F68B6E715
:109000001A465B68A342FBD100235360DEE70C23C2
:109010003046336000F01EF894E70560D6E700BFE5
:109020006408002082B001B901A942B14BB11378A4
:109030000B601278101E18BF012002B07047104656
:10904000FBE76FF00100F8E70148FFF7AEBB00BF98
:109050005C0800200148FFF7A9BB00BF5C080020A6
:1090600070B5C46905460E4684B9102001F06AFA4D
:109070000446E86128B902466B21164B164801F0F8
:109080002FFA0023C0E901330360C360E36853B9DA
:1090900021220421284601F041FAEB69E060DB68F7
:1090A0000BB9002070BD53F8260030B1026843F8B8
:1090B00026200023C0E90333F4E7012101FA06F476
:1090C000621D2846920001F029FA0028E9D0C0E983
:1090D0000164EEE735C000084CC0000870B5C669F1
:1090E00005460C4676B9102001F02CFA0246E861DC
:1090F00020B98F21084B094801F0F2F9C0E9016657
:109100000660C6603CB1EB696268DB6853F8221008
:10911000216043F8224070BD35C000084CC00008F3
:109120002DE9F04107460C461E4600200D6901F16D
:10913000140CDCF80030013099B202FB01611E0C06
:109140000B0C02FB063389B201EB034185424FEA67
:1091500013464CF8041BECDC0EB3A368AB4219DCDD
:10916000616838460131FFF77BFF804628B9024627
:10917000BA210C4B0C4801F0B3F9226904F10C013F
:10918000023292000C30FFF712FB21463846FFF7FF
:10919000A5FF444604EB850301355E612561204649
:1091A000BDE8F081C4BF00084CC000082DE9F843B9
:1091B000154609221F4608330C4693FBF2F3064678
:1091C000012200219A4209DB3046FFF749FF40B9EE
:1091D0000246D321184B194801F082F9520001319F
:1091E000F0E7089B092D43614FF00103036116DD91
:1091F00004F10908C1462C4419F8013B01460A2232
:109200003046303BFFF78CFFA145F5D1A844A8F1CB
:1092100008042D1B63199F4204DCBDE8F88309256F
:109220000A34F6E714F8013B01460A223046303B87
:10923000FFF776FFEEE700BFC4BF00084CC0000890
:109240000346B0F5803F3ABF030410200020B3F17D
:10925000807F3CBF1B020830B3F1805F3CBF1B0125
:109260000430B3F1804F3CBF9B000230002B05DB84
:1092700013F0804F00F1010008BF20207047036801
:10928000024613F007000BD0D90721D4980749BF35
:109290005B089B08012013605CBF022013607047CD
:1092A00099B209B910201B0CD9B209B908301B0AB0
:1092B000190704BF1B090430990704BF9B0802303B
:1092C000D90703D45B0800F1010003D01360704795
:1092D000002070472020704710B50C460121FFF791
:1092E000BFFE024628B940F24511044B044801F084
:1092F000F7F801234461036110BD00BFC4BF00083B
:109300004CC000082DE9F04FD1F81090D2F810A011
:109310008846D145144685B004DB53460C46CA4600
:1093200090469946A36861680AEB0906B342B8BF44
:109330000131FFF795FE30B902464FF4B171434B4E
:10934000434801F0CDF800F114052B46002205EB4F
:109350008607BB421FD304F1140C08F114010CEB77
:109360008A0301EB890202921A1B153A22F00302CA
:1093700015349C4288BF00220192029A03918A42CE
:109380000CD8002E03DD57F8043D002B5CD006619D
:1093900005B0BDE8F08F43F8042BDAE7B1F800A080
:1093A000BAF1000F23D0E046A9464FF0000E58F85E
:1093B000042BD9F800401FFA82FBA4B20AFB0B442D
:1093C0007444D9F800E0120C4FEA1E4E0AFB02E288
:1093D00002EB1442A4B244EA024443454FEA124E5F
:1093E00049F8044BE3D8019AAA18C2F804E0039A9A
:1093F0000431B2F80280B8F1000F23D02A68E646A3
:109400009146AA464FF0000BBEF8004092B208FB0E
:1094100004B404EB194442EA04424AF8042B5EF80F
:10942000042BDAF800904FEA124B1FFA89F208FB7E
:109430000B22734502EB14424FEA124BE4D8019C15
:109440002C196260043598E7013E9AE7C4BF000812
:109450004CC000082DE9F843174612F0030280467D
:109460000D4607D0264C013A002354F82220FFF77E
:1094700057FE0546BF103FD0D8F81C4094B91020C5
:1094800001F060F80446C8F81C0030B9024640F20A
:10949000B3111C4B1C4801F023F80023C0E9013331
:1094A0000360C360A66846B940F271214046FFF7E9
:1094B00013FF00230646A06003602C464FF000090E
:1094C00007F001037F1053B1294632464046FFF7AB
:1094D00019FF214605464046FFF700FE67B1306898
:1094E00038B9324631464046FFF70CFF3060C0F8CD
:1094F000009006462C46E3E72846BDE8F88300BF07
:1095000068C1000835C000084CC000082DE9F84FBC
:109510000C46074615462369496803EB6218A368A1
:109520004FEA621A08F101094B450BDB3846FFF799
:1095300097FD064648B902464FF4EF71274B28487D
:1095400000F0CEFF01315B00EEE70023194600F189
:10955000140C00F11002534534DB22692AEAEA7A3E
:109560000CEB8A0C04F1140315F01F0E614603EB9B
:1095700082022BD00025CEF1200A8B4618680431D8
:1095800000FA0EF02843CBF8000053F8045B9A422F
:1095900025FA0AF5F1D8131B153B23F0030304F158
:1095A00015018A4238BF00239C44CCF8045005B909
:1095B000C14638462146C6F81090FFF78FFD304669
:1095C000BDE8F88F42F8041F0133C4E753F8045B89
:1095D00004319A4241F8045CF8D8E9E7C4BF0008B6
:1095E0004CC0000803460A69006930B5801A0ED1E4
:1095F0001433143103EB820401EB820154F8045D4F
:1096000051F8042D954203D005D24FF0FF3030BD04
:10961000A342F3D3FBE70120F9E700002DE9F74F60
:109620008A460646114650461446FFF7DBFF051EE4
:1096300012D129463046FFF713FD024628B940F201
:109640003721404B404800F04BFF0123C0E904356F
:10965000104603B0BDE8F08FBCBF5346A24630466B
:10966000DAF80410BABF1C4601250025FFF7F8FC04
:10967000024618B940F24521324BE3E7C56000F1DC
:109680001405AB464FF0000CDAF8107026690AF1A9
:10969000140904F1140E0AF1100309EB87080EEB0C
:1096A00086060193019B5EF8040B53F804AF81B268
:1096B00001931FFA8AF35B1A000C6344C0EB1A4053
:1096C00000EB23409BB243EA004376454FEA204C2F
:1096D0004BF8043BE6D8331B153B153423F003034A
:1096E000A64238BF0023E8184B441C1D2646043010
:1096F000A5EB0905464506EB050E0ED308F103015F
:10970000091B21F003010133984538BF00210144B2
:1097100051F8043DA3B117619AE7E24656F8041BDD
:109720001FFA81FCD4444FEA1149514409EB2C49FA
:1097300089B241EA09414FEA294CCEF80010D9E735
:10974000013FE5E7C4BF00084CC000080E4B0B40CA
:10975000A3F15073002B08DC5B42B3F1A07F4FEA0A
:10976000235204DA4FF400231341002208E0A2F14F
:1097700014031E2BD6BF4FF000420122DA40002313
:1097800019461046704700BF0000F07F0269F8B527
:1097900000F1140707EB820252F8044C1E4D2046DC
:1097A000FFF74EFD0346C0F120000A2BA2F104068C
:1097B000086012DCB7422CBF002252F8082CC3F11B
:1097C0000B0C153324FA0CFE04FA03F322FA0CF204
:1097D0004EEA05011A431046F8BDB74236BFA2F162
:1097E0000806002252F8082C0B3B12D0C3F12005CA
:1097F00022FA05F19C400C43BE4244F07F5194BFD5
:10980000002456F8044C9A40EC4041F440112243A5
:10981000E1E744EA0501DEE70000F03F2DE973438C
:10982000012190469946089EFFF71AFC044630B97C
:10983000024640F20F31234B234800F051FEC9F39A
:109840000A55C9F313030DB143F480130193B8F122
:10985000000324D068460093FFF711FD0099E0B1A2
:10986000019AC0F1200302FA03F30B43C240636183
:109870000192019B002B0CBF01220222A3612261F5
:10988000ADB1A5F2334505443560C0F13500099B03
:109890001860204602B0BDE870836161E9E701A865
:1098A000FFF7EDFC019B012263612030E7E7A0F2A6
:1098B000324004EB820330601869FFF7C1FCC0EB53
:1098C0004210E4E7C4BF00084CC000082DE9F04F87
:1098D00085B0CDE9001002A9FFF758FF8B46064678
:1098E0000F46009803A9FFF751FF0D46019B8946DB
:1098F0001969009B04461B693046C91ADDE902322A
:109900009B1A03EB4113002BCDBF3A462A46C3EB0B
:10991000033302EB035BD8BF02EB03594B462246ED
:109920005946F6F703FF05B0BDE8F08F013970B571
:1099300049111469013102F1140300EB810103EBB9
:109940008404051FA3420CD3A31A113B23F0030385
:109950001132944238BF002318440023884205D3B3
:1099600070BD53F8046B45F8046FEBE740F8043B17
:10997000F4E700F1140200694B11984210B511DBB5
:109980000ADD11F01F0107D052F8234024FA01F03C
:1099900000FA01F18C420BD102EB8303934203D80E
:1099A000002010BD0346F7E753F8041D0029F5D049
:1099B0000120F6E70346084641B1FF2A04D98A226E
:1099C0004FF0FF301A60704701200A7070472DE990
:1099D000F0471F468E688246BE420C46904633468C
:1099E00053D8B1F90C0010F4906F2BD0656923683F
:1099F000096905EB4505A3EB010905EBD5757B1C52
:109A00006D104B44AB422A4684BF1D462A4643058F
:109A100027D511465046FFF785FA064658B34A4601
:109A20002169FEF7C4FEA38923F4906343F0800309
:109A3000A38126614E4426603B463E466561A5EB08
:109A40000905A5601F463A464146206800F0EFFC34
:109A50000020A3689B1BA36023683B442360BDE8F0
:109A6000F087504600F076FD06460028E1D15046CA
:109A70002169FEF7B1FE0C23CAF80030A3894FF02C
:109A8000FF3043F04003A381E9E73E46DBE70000F7
:109A90002DE9F0471F468B8906461B060D461446E6
:109AA0009CB010D50B6973B94021FFF73BFA2860D1
:109AB000286130B90C2333604FF0FF301CB0BDE893
:109AC000F08740236B610023099320238DF8293010
:109AD00030234FF001080397644F8DF82A30234656
:109AE000994613F8012B0AB1252AF9D1B9EB040ADA
:109AF0000BD05346224629463046FFF768FF013017
:109B000000F0A480099A5244099299F80030002B81
:109B100000F09C8000234FF0FF32CDE9052309F1CE
:109B20000109049307938DF853301A934C4605228C
:109B300014F8011B4D4800F0C5FC049BD0B9D806B1
:109B400044BF20228DF85320190744BF2B228DF8E3
:109B5000532099F800202A2A13D04C4600204FF0B9
:109B60000A0C079A214611F8013B303B092B49D9D1
:109B700068B913E0C01B08FA00F01843A14604902E
:109B8000D4E7039A111D12680391002A01DB0792A2
:109B900004E0524243F002030792049323782E2BF1
:109BA0000AD163782A2B32D1039B02341A1D1B6819
:109BB000039243EAE3730593DFF8B4900322484627
:109BC000217800F07FFC38B14022049BA0EB090013
:109BD000824013430134049314F8011B06222548E4
:109BE0008DF8281000F06EFC002835D0224818BBF4
:109BF000039B073323F0070308330393099B0344B4
:109C000009936CE70C4601200CFB0232AAE7002303
:109C10004FF00A0C194601340593204610F8012B29
:109C2000303A092A03D9002BC6D00591C4E704466F
:109C300001230CFB0121F0E703AB00932A463046D9
:109C40000E4B04A9AFF30080421CD7D1AB895B0651
:109C50003FF532AF099831E703AB00932A4630460F
:109C6000064B04A900F0BAF9EEE700BFA5C0000852
:109C7000ABC00008AFC0000800000000CF9900088A
:109C8000936810B4013B002B936007DA9469A342F8
:109C900001DB0A2902D110BCFEF75CBC1368581C1A
:109CA00010601970084610BC7047F8B506460F469C
:109CB0001446D518AC4201D1002007E03A463046A0
:109CC00014F8011BFFF7DCFF431CF3D1F8BD0000C3
:109CD0002DE9F0470D4614461F4606469CB018B1C4
:109CE000036A0BB9FEF716FB6B6ED90705D4AB8977
:109CF0009A0502D4A86DFEF758FDAB891B0701D564
:109D00002B699BB929463046FEF762FC70B16B6E39
:109D1000DC0704D54FF0FF301CB0BDE8F087AB89FD
:109D20009805F7D4A86DFEF741FDF3E700230993EA
:109D300020238DF8293030234FF001080397694F15
:109D40008DF82A302346994613F8012B0AB1252AAB
:109D5000F9D1B9EB040A0BD05346224629463046C6
:109D6000FFF7A3FF013000F0A480099A5244099242
:109D700099F80030002B00F09C8000234FF0FF3258
:109D8000CDE9052309F10109049307938DF85330B8
:109D90001A934C46052214F8011B524800F092FB1E
:109DA000049BD0B9D90644BF20228DF853201A074E
:109DB00044BF2B228DF8532099F800202A2A13D073
:109DC0004C4600204FF00A0C079A214611F8013B3F
:109DD000303B092B49D968B913E0C01B08FA00F0E1
:109DE0001843A1460490D4E7039A111D1268039109
:109DF000002A01DB079204E0524243F0020307927B
:109E0000049323782E2B0AD163782A2B32D1039B1B
:109E100002341A1D1B68039243EAE3730593DFF8CB
:109E2000C89003224846217800F04CFB38B140220C
:109E3000049BA0EB0900824013430134049314F8FF
:109E4000011B062229488DF8281000F03BFB002852
:109E50003ED0274818BB039B073323F00703083382
:109E60000393099B034409936CE70C4601200CFB08
:109E70000232AAE700234FF00A0C19460134059379
:109E8000204610F8012B303A092A03D9002BC6D0FE
:109E90000591C4E7044601230CFB0121F0E703AB65
:109EA00000932A463046134B04A9AFF30080431CAD
:109EB000D7D16B6ED90705D4AB899A0502D4A86DAA
:109EC000FEF774FCAB895B063FF524AF099823E7E6
:109ED00003AB00932A463046064B04A900F07EF8F7
:109EE000E5E700BFA5C00008ABC00008AFC0000890
:109EF00000000000AB9C00082DE9F047164698468C
:109F00008A680B6907469342B8BF1346336091F8DD
:109F100043200C46DDF820900AB1013333602368FA
:109F2000990642BF336802333360256815F0060591
:109F300006D104F1190AE36832689B1AAB422BDCA4
:109F400094F843302268003B18BF0123920630D4B6
:109F50004146384604F14302C847013023D0236804
:109F6000226903F00603042B14BF002533684FF069
:109F7000000608BFE56804F11A0408BFED1A54F89A
:109F8000123C08BF25EAE5759342C4BF9B1AED1841
:109F9000B5421AD1002008E0012352464146384616
:109FA000C847013003D14FF0FF30BDE8F0870135DD
:109FB000C1E73020E11881F843005A1C94F845109D
:109FC0002244023382F84310C2E70123224641466D
:109FD0003846C8470130E6D00136D9E72DE9F043CD
:109FE0000D7E85B0782D904607460C4699460C9E0E
:109FF00001F1430207D8622D0AD8002D00F0D78066
:10A00000582D00F0BC8004F1420684F842503BE039
:10A01000A5F16303152BF6D801A151F823F000BF79
:10A0200079A000088DA0000807A0000807A000087C
:10A0300007A0000807A000088DA0000807A00008DE
:10A0400007A0000807A0000807A0000895A10008C5
:10A05000B7A0000847A1000807A0000807A0000853
:10A06000B7A1000807A00008B7A0000807A00008D3
:10A0700007A000084FA1000833681A1D1B68326052
:10A0800004F1420684F842300123A1E033682068DD
:10A09000191D3160060601D51D6803E04506FBD594
:10A0A000B3F90050002D03DA2D236D4284F84330BC
:10A0B0000A235B4811E021683368080653F8045B03
:10A0C00002D4490648BFADB23360237E54486F2B9B
:10A0D0005CD10823002184F843106668002EA66036
:10A0E00005DB21682E4321F00401216050D0164683
:10A0F000B5FBF3F103FB115C10F80CC006F801CDC1
:10A10000AC4663450D46F3D9082B0BD12368DB071A
:10A1100008D5236961689942DEBF302306F8013C07
:10A1200006F1FF36921B2261434621463846CDF8A0
:10A13000009003AAFFF7E0FE01304ED14FF0FF3050
:10A1400005B0BDE8F083236843F020032360782541
:10A15000344884F845502368316813F0800F51F873
:10A16000045B03D113F0400F18BFADB23160D907C3
:10A1700044BF43F0200323601DB11023AAE7284801
:10A18000E7E7236823F020032360F6E70A23A1E72B
:10A190001646B9E733682568181D616930602E06D8
:10A1A0001B6801D5196002E06806FBD51980002301
:10A1B00016462361B8E7336800211A1D32601E6815
:10A1C0006268304600F07EF908B1801B6060636809
:10A1D0002361002384F84330A6E7324641463846DF
:10A1E0002369C8470130A9D023689B0713D4E068CE
:10A1F000039B9842B8BF1846A2E701233246414666
:10A200003846C847013099D00135E36803995B1A95
:10A21000AB42F2DCEBE7002504F11906F5E700BFDD
:10A22000B6C00008C7C00008B1F90C20F8B5160781
:10A2300005460C4651D44B68002B02DC0B6C002BFE
:10A2400049DDE66A002E46D0002312F480522F68C2
:10A250002B6031D0626DA389590705D56368D21A86
:10A26000636B0BB1236CD21A00232846E66A216A7D
:10A27000B047421CB4F90C3006D129681D2945D8D5
:10A28000274ACA40D60741D5002262602269D90414
:10A29000226004D5421C01D12B6803B96065616B53
:10A2A0002F60C1B104F14403994202D02846FEF761
:10A2B00093FA002363630EE001232846216AB04726
:10A2C0000246501CC7D12B68002BC4D01D2B01D0D7
:10A2D000162B19D12F6000201DE00F69002FFAD036
:10A2E000930718BF00230E6808BF4B69F61B0F6069
:10A2F0008B60002EEFDD33463A462846216AD4F8BB
:10A3000028C0E047002807DCB4F90C304FF0FF30DC
:10A3100043F04003A381F8BD0744361AE9E700BFC4
:10A320000100402038B50B6905460C4613B90025DD
:10A33000284638BD18B1036A0BB9FDF7EBFFB4F935
:10A340000C30002BF3D0626ED00704D4990502D4F0
:10A35000A06DFEF72AFA28462146FFF765FF636ED7
:10A360000546DA07E4D4A3899B05E1D4A06DFEF786
:10A370001DFADDE770B50C46B1F90E10154600293F
:10A380001E4696B00ADAA18911F0800113D14FF46C
:10A390008062002031602A6016B070BD6A4600F00D
:10A3A0005FF80028EFDB019901F47041A1F500533B
:10A3B00059425941EBE700214022EAE78B8973B506
:10A3C0009E0705460C4607D504F147032360236129
:10A3D0000123636102B070BD01AB6A46FFF7CAFF9B
:10A3E000009E28463146FEF79DFDB4F90C3038B981
:10A3F0009A05EFD423F0030343F00203A381E3E7BC
:10A4000043F08003A381019BC4E904062060002B74
:10A41000E0D02846B4F90E1000F034F80028D9D066
:10A42000A38923F0030343F00103A381D2E7884209
:10A4300010B501EB020402D98442234607D8431E1B
:10A44000A14207D011F8012B03F8012FF8E70244CD
:10A45000824200D110BD13F8011D02F8011DF7E77B
:10A4600038B50023064D0446084611462B60F8F720
:10A47000C3F8431C02D12B6803B1236038BD00BF71
:10A480005808002038B50023054D044608462B60C7
:10A49000F8F7C1F8431C02D12B6803B1236038BD23
:10A4A0005808002038B50023054D044608462B60A7
:10A4B000F8F7C8F8431C02D12B6803B1236038BDFC
:10A4C00058080020034610B5C9B20244934218460A
:10A4D00001D1002003E0047801338C42F6D110BD95
:10A4E0001FB514461A46094B05461B68D8684CB17F
:10A4F000074BCDE9013400912B46064900F058F88E
:10A5000000F068F8044B1C46F3E700BF8801002008
:10A51000D8C00008E5C0000813C1000870B5A1FB51
:10A52000025434B92946FEF7FDFC064628B93046E8
:10A5300070BD0C2200260260F9E72A462146FEF78C
:10A540009BF8F4E7024B01461868FEF7EBBC00BF2E
:10A55000880100202DE9F041074614460D4621B937
:10A560001146BDE8F041FEF7DDBC2AB9FEF734F92B
:10A5700025462846BDE8F08100F033F884420646BF
:10A5800002D8B4EB500FF4D821463846FEF7CAFC87
:10A59000804608B94546ECE7B4422246294628BF22
:10A5A0003246FEF704F929463846FEF715F9F1E779
:10A5B0000EB403B5014603AB054853F8042B0068FD
:10A5C0000193FFF785FB02B05DF804EB03B0704721
:10A5D00088010020062008B500F034F80120F7F7C4
:10A5E000D8FF51F8043C181F002BBCBF0B58C018F3
:10A5F00070471F2938B505460C4604D91623036059
:10A600004FF0FF3038BDC26B12B152F821304BB958
:10A61000284600F031F8224601462846BDE8384079
:10A6200000F018B8012B0AD0591C03D1162303607F
:10A630000120E7E70021204642F824109847002037
:10A64000E0E70000024B01461868FFF7D2BF00BFE9
:10A650008801002038B50023064D044608461146FF
:10A660002B60F7F786FF431C02D12B6803B12360F0
:10A6700038BD00BF58080020F7F774BF00F024BAB7
:10A6800038B5044600F04CF8214605462046F6F75A
:10A6900001FD20B920460021F6F7D4FC08B9284670
:10A6A00038BDFEF757F82122034600211A600846FC
:10A6B000F6F7DEFB0546284638BD00BF174A20F0F6
:10A6C0000043934219D900B5B3F1FF4F83B004D3CF
:10A6D0000146F6F70FFA03B000BD694600F07CFAB8
:10A6E000024602F00302012A009801990DD0022AC5
:10A6F00006D07AB900F0AAF8EDE7002100F0A6B87C
:10A7000000F0A4F800F10040E5E700F067F900F17F
:10A710000040E0E7012200F061F9DCE7D80F493F93
:10A7200020F00042B2F1FF4F2DE9F04104464FD234
:10A73000002A4BD00028034654DB10F0FF424FD1D3
:10A740005B001802114602F10102F9D549420024CA
:10A75000C3F31602A1F17F05CB074FF0190E4FF09E
:10A76000807C214642F4000258BF52006D10520016
:10A7700001EB0C039342CFBF134603EB0C0164447F
:10A78000D31ABEF1010E4FEA43024FEA5C0CEFD13F
:10A79000BBB11A4E1A4F30683968F6F7ABF9D6F8E4
:10A7A000008001464046F6F757FC50B130683968E2
:10A7B000F6F7A2F9366801463046F6F743FCC8B111
:10A7C0000234601000F17C5000EBC550BDE8F08110
:10A7D0000146F6F799FA2146F6F78EF9BDE8F081C1
:10A7E000C115B4E70146F6F785F90146F6F740FBD7
:10A7F000BDE8F081013424F00104E2E770C30008F1
:10A800006CC3000808B5C0F3C7537F3B162B014645
:10A810000EDC002B024610DB0B481841014205D02C
:10A820004FF480011941114421EA0001084608BD96
:10A83000802BFBD1F6F760F908BD013300F0004131
:10A84000F4D141F07E51F1E7FFFF7F002DE9F8439D
:10A8500020F00046B6F1485F054688464BD2F6F731
:10A860002FFC002800F0A18029462846F6F74CFA74
:10A8700004465049F6F748FA4F49F6F73DF92146A4
:10A88000F6F742FA4D49F6F735F92146F6F73CFA64
:10A890004B49F6F731F92146F6F736FA4949F6F70A
:10A8A00029F92146F6F730FA4749F6F725F9214606
:10A8B000F6F72AFA07464FF07C512046F6F724FABD
:10A8C0000346394620461C46F6F71EFA0346414623
:10A8D00028461D46F6F718FA01462846F6F70AF903
:10A8E00001462046F6F706F901464FF07E50F6F78E
:10A8F00001F9BDE8F8830146F6F706FA04462D494A
:10A90000F6F702FA2C49F6F7F7F82146F6F7FCF9C4
:10A910002A49F6F7EFF82146F6F7F6F92849F6F74F
:10A92000EBF82146F6F7F0F92649F6F7E3F8214669
:10A93000F6F7EAF92449F6F7DFF82146F6F7E4F9E5
:10A94000224B07469E42B6D9214B9E4229D806F19A
:10A950007F4631464FF07E50F6F7CCF881462046D0
:10A960004FF07C51F6F7D0F93146F6F7C3F80346BD
:10A97000394620461C46F6F7C7F9034641462846A5
:10A980001D46F6F7C1F901462846F6F7B3F8014629
:10A990002046F6F7AFF801464846F6F7ABF8BDE8B3
:10A9A000F883DFF830900C4ED9E74FF07E50BDE8C9
:10A9B000F88300BF4ED747ADF6740F317CF2933465
:10A9C000010DD037610BB63AABAA2A3D9999993E51
:10A9D0000000483F0000383F0000903E2DE9F8435A
:10A9E00020F00043B3F1485F04460E46904603D280
:10A9F000F6F766FB002858D021462046F6F784F982
:10AA0000054620462946F6F77FF92949814628461A
:10AA1000F6F77AF92749F6F76DF82946F6F774F94B
:10AA20002549F6F769F82946F6F76EF92349F6F74E
:10AA300061F82946F6F768F92149F6F75DF8074607
:10AA4000B8F1000F22D030464FF07C51F6F75CF998
:10AA5000394607464846F6F757F901463846F6F7AD
:10AA600049F82946F6F750F93146F6F743F8154903
:10AA700005464846F6F748F901462846F6F73CF8F9
:10AA800001462046F6F736F8BDE8F8830146284629
:10AA9000F6F73AF90B49F6F72DF84946F6F734F987
:10AAA0002146F6F729F8BDE8F8832046BDE8F8838B
:10AAB000D3C92E2F342FD7321BEF3836010D503922
:10AAC0008988083CABAA2A3E70B521F00045B5F153
:10AAD000FF4F0A4603462CD820F00046B6F1FF4F40
:10AAE000844626D8B1F17E5F35D08C1704F002047D
:10AAF00044EAD07416B33DB3B5F1FF4F33D0B6F18D
:10AB0000FF4F21D0761BB6F1F45F4FEAE65028DA0A
:10AB1000002933DA3C3031DA0020012C3FD0022CFE
:10AB200035D02CB12449F5F7E7FF2449F5F7E2FFCA
:10AB300070BD19461046F5F7DFFF70BD022C08D036
:10AB4000032CF5D11E4870BDBCF1000F07DB1D487A
:10AB500070BD1A4870BDBDE8704000F0ABB91A482E
:10AB600070BD1848D9E7B6F1FF4F04F1FF3419D092
:10AB7000022C1DD8154B53F8240070BD1146184601
:10AB8000F6F776F900F0ACFA00F094F9C5E70A4957
:10AB9000F5F7B2FF01460948F5F7ACFF70BD00F1CB
:10ABA000004070BD022C05D8094B53F8240070BD3D
:10ABB000002070BD074870BD2EBDBB33DB0F494080
:10ABC000DB0F49C0DB0FC93FDB0FC9BF74C30008EF
:10ABD00080C30008DB0F493F2DE9F04FA84A20F061
:10ABE000004595420C4689B06FD9A64A0646954263
:10ABF0001FD820F000450028A34925F00F0540F399
:10AC00001981F5F777FFA14B06469D426BD0A0490D
:10AC1000F5F770FF054630462946F5F76BFF9C496E
:10AC2000F5F768FF012725606060384609B0BDE888
:10AC3000F08F984A954266D9B5F1FF4F4DD2EF1586
:10AC4000863FA5EBC7552846F6F73AFAF6F708F817
:10AC5000014628460591F5F74DFF4FF08741F6F77D
:10AC600053F88046F6F72CFAF5F7FAFF054640460A
:10AC700029460695F5F73EFF4FF08741F6F744F871
:10AC800000210790F6F7D4F9002800F0B18028469B
:10AC90000021F6F7CDF9002814BF01230223022575
:10ACA0007D493A46019105A82146009500F01CFA1D
:10ACB000002E0746B9DAD4E9002302F1004203F17D
:10ACC0000043226063604742AFE7002220604A6091
:10ACD0000027384609B0BDE8F08F0146F5F70AFFB6
:10ACE00060602060F4E76D49F5F704FF6C490646A3
:10ACF000F5F700FF054630462946F5F7FBFE6849A3
:10AD0000F5F7F8FE8EE700F0EBF966498046F5F7B7
:10AD1000FBFF4FF07C51F5F7EFFEF6F7D1F9074650
:10AD2000F5F79EFF58498346F5F7EEFF014640468A
:10AD3000F5F7E0FE564982465846F5F7E5FF8146AD
:10AD400050464946F5F7D6FE1F2F80461FDC564B6E
:10AD50007A1E53F8222026F0004323F0FF0393428B
:10AD600015D0C4F8008041465046F5F7C3FE494669
:10AD7000F5F7C0FE002E6060BFF657AF08F100483F
:10AD800000F10040C4F8008060607F424DE7C8F3E6
:10AD9000C753C3EBD553082B4FEAE552E1DD3F49DA
:10ADA00058460392F5F7B0FF804650464146F5F706
:10ADB000A1FE054650462946F5F79CFE4146F5F7AB
:10ADC00099FE804636495846F5F79EFF4146F5F70D
:10ADD00091FE814628464946F5F78CFE039AC0F35A
:10ADE000C753D21A192A804604DCAA462060BAE763
:10ADF000032354E72D495846F5F786FF8046284639
:10AE00004146F5F777FE824628465146F5F772FE31
:10AE10004146F5F76FFE054625495846F5F774FF9C
:10AE20002946F5F767FE814650464946F5F762FE2A
:10AE3000804696E7F5F760FE144B06469D420FD01C
:10AE40001349F5F759FE054630462946F5F752FEF7
:10AE50000F49F5F751FE4FF0FF3725606060E4E6DB
:10AE60000E49F5F749FE0E490646F5F745FE05463B
:10AE700030462946F5F73EFE0949F5F73DFEEAE77B
:10AE8000D80F493FE3CB1640800FC93FD00FC93FD1
:10AE900043443537800F49430CC40008004435371C
:10AEA00008A3852E84F9223F8CC3000800A3852EB9
:10AEB00032318D242DE9F04120F00045B5F1A14F4C
:10AEC0000446074608D3B5F1FF4F73D8002840F376
:10AED000A1806F48BDE8F0816E4B9D427AD8B5F1F4
:10AEE000445F6CD34FF0FF3821462046F5F70CFF46
:10AEF00001460646F5F708FF05466749F5F704FFE2
:10AF00006649F5F7F9FD2946F5F7FEFE6449F5F7C0
:10AF1000F3FD2946F5F7F8FE6249F5F7EDFD294600
:10AF2000F5F7F2FE6049F5F7E7FD2946F5F7ECFE87
:10AF30005E49F5F7E1FD3146F5F7E6FE5C49064668
:10AF40002846F5F7E1FE5B49F5F7D4FD2946F5F70C
:10AF5000DBFE5949F5F7CEFD2946F5F7D5FE5749F1
:10AF6000F5F7C8FD2946F5F7CFFE5549F5F7C2FDBF
:10AF70002946F5F7C9FE01463046F5F7BDFD2146E5
:10AF8000F5F7C2FEB8F1FF3F014646D04D4B4E4D9E
:10AF900053F82810F5F7AEFD2146F5F7ABFD014655
:10AFA00055F82800F5F7A6FD002F93DA00F10040D0
:10AFB000BDE8F0810146F5F79FFDBDE8F08143490A
:10AFC000F5F79AFD4FF07E51F6F75AF8002889D030
:10AFD00020467FE700F084F83D4B04469D4221D88F
:10AFE000A3F5D0039D423FD80146F5F785FD4FF00C
:10AFF0007E51F5F77FFD03464FF0804120461C4609
:10B00000F5F77AFD01462046F5F732FF4FF00008CC
:10B01000044669E72F48BDE8F0812046F5F76AFD50
:10B02000BDE8F0812C4B9D4216D84FF07F51F5F7CB
:10B0300061FD03464FF07F5120461C46F5F764FE44
:10B040004FF07E51F5F758FD01462046F5F710FF09
:10B050004FF00208044647E701462048F5F708FF8D
:10B060004FF0030804463FE74FF07E51F5F742FDED
:10B0700003464FF07E5120461C46F5F73DFD014644
:10B080002046F5F7F5FE4FF0010804462CE700BF17
:10B09000DB0FC93FFFFFDF3ED769853C59DA4B3DE7
:10B0A000356B883D6E2EBA3D2549123EABAAAA3EAD
:10B0B00021A215BD6BF16E3D95879D3D388EE33D18
:10B0C000CDCC4C3E24C7000834C70008CAF24971F1
:10B0D000FFFF973FDB0FC9BFFFFF1B40000080BF92
:10B0E00020F00040704700BF2DE9F04FDDB0B34CB9
:10B0F000669D9C468046013B101D54F825A0099191
:10B100000193C0F2C582D31E48BF131DDB10069306
:10B110000133DB000A930A9B0699D31A04930CF1BE
:10B12000FF331AEB0307A1EB030520D401372F44AB
:10B130003B4620AE3746002493461E46DDF89C91E0
:10B14000CDF800C008E059F82500F5F789FD013574
:10B15000B54247F8040B07D0002DF4DA204601353C
:10B16000B54247F8040BF7D15A46DDF800C0BAF1F2
:10B17000000FC0F23F83019800218346A8F1040428
:10B180000DF18009029409EB8C0948AF4FEA8C0558
:10B190000AEB0C0304EB8C06002880F2B0810BF163
:10B1A000010B9B4547F8041B09F10409F4D1029BEC
:10B1B00054461D440CAB03EB8A03043B07930CABD2
:10B1C00003EB8A03CDF80CA09A460B92CDF820C071
:10B1D0000DEB8403002CD3F820B14FEA84092EDD57
:10B1E0004B460DF590780CAF08EB09060094A94684
:10B1F0003C465D4637469B464FF06E512846F5F774
:10B2000083FDF5F75DFFF5F72BFD4FF0874106460F
:10B21000F5F77AFD01462846F5F76CFCF5F750FF87
:10B2200057F8041D44F8040B3046F5F765FC474514
:10B230000546E1D15B464D4683469946009CDDF8C4
:10B2400010805846414600F007FB4FF07851064603
:10B25000F5F75AFD00F058FB4FF08241F5F754FD29
:10B2600001463046F5F746FC0746F5F729FF064646
:10B27000F5F7F6FC01463846F5F73CFC4146002957
:10B2800007467EDD621E0CAB53F82230C8F1080081
:10B2900043FA00F101FA00F01B1AC8F1070843FA5B
:10B2A00008F80E44B8F1000F0CA941F8223000F361
:10B2B000138100213846F5F7BBFE002800F0BA8064
:10B2C000039B9C420CDD002209F130036B4453F8D0
:10B2D000041D534542EA0102F9D1002A40F03681AB
:10B2E000039B0CAA013B52F82330661C002B40F054
:10B2F00004810123079A52F8041D01330029FAD072
:10B30000E218089B20AF1C44069B07EB840703EB65
:10B31000060808F18048679B08F1FF3803EB8808AE
:10B3200048AB99440092CDF814A058F8040FF5F7F3
:10B3300097FC019B47F8040B002B1ADBBA4600244C
:10B34000DDF808B05AF8041D5BF8040FF5F7DCFCD3
:10B3500001462046F5F7D0FBAB450446F2D1009BF1
:10B3600001369E4249F8044FDFDD1C46DDF814A08B
:10B370002EE70024009B01369E4249F8044FD4DD9D
:10B38000F3E700F08F804FF07C51F5F76FFE8046B9
:10B3900000288ED0002CC8BF4FF0020806F101062D
:10B3A00040F31F8200210CAA52F8043B002B75D0F9
:10B3B000C3F5807342F8043C07E000BF70C7000883
:10B3C0001368C3F1FF0342F8043B01318C42F7DC00
:10B3D0000123049A002A0DDD012A00F04F81022A80
:10B3E00008D1611E0CAA52F821200CA802F03F02DD
:10B3F00040F82120B8F1020F7FF45BAF39464FF0DF
:10B400007E500093F5F776FB009B0746002B3FF438
:10B4100050AF04994FF07E5000F01EFA01463846B6
:10B42000F5F768FB074600213846F5F701FE0028CE
:10B430007FF446AFDDE90A323846991ADDF80CA0F0
:10B4400000F00AFA4FF08741A1460446F5F70EFED8
:10B45000002800F0A6814FF06E512046F5F754FC0D
:10B46000F5F72EFEF5F7FCFB4FF087410546F5F7A3
:10B470004BFC01462046F5F73DFBF5F721FE0CABF2
:10B4800043F82900049B284608330493F5F718FE77
:10B4900009F101070CAB43F827006EE001318C4243
:10B4A00082DC96E7631E0CAA52F823304FEAE318B9
:10B4B000B8F1000F7FF7FDAE002C06F101063FF753
:10B4C00071AFB8F1020F7FF4F4AE39464FF07E5001
:10B4D000F5F710FB0746ECE6002C06F101063FF7F6
:10B4E00061AF0499012900F098810229E9D103F0A4
:10B4F0003F030CA941F82230E3E7324601E7CDF8DB
:10B5000000A09846DA460392CDF814C00795CB46C2
:10B510000024029D5BF8041D55F8040FF5F7F4FBB9
:10B5200001462046F5F7E8FAB5420446F2D10AF1A1
:10B53000010AC24547F8040B09F10409E7D1DDF817
:10B5400000A0039ADDF814C0079D30E6DDE903A3EF
:10B55000671EA3F108020CAB53F82730049263B9BD
:10B5600004F18043013B0CA901EB830353F8041D54
:10B57000013F083A0029F9D004924FF07E50049917
:10B5800000F06AF9002F0546C0F23A817C1C0CAA33
:10B5900002EB840BA30000964FF06E595E469B466B
:10B5A00048AA02EB840456F8040DF5F759FB294626
:10B5B000F5F7AAFB494644F8040D2846F5F7A4FB25
:10B5C0000CAB9E420546EED10025009EABF1080271
:10B5D00048A901EB0209BAF1000F34AA0196CDF88F
:10B5E00008804E46A84600971546CDF80CB024DBDF
:10B5F000374600244FF0000BDFF858920EE057F862
:10B60000041F59F8040BF5F77FFB01462046F5F7B8
:10B6100073FA0BF1010BDA45044601DBC345EEDD9D
:10B62000009A45F8044B904508F10103A6F1040681
:10B6300005D0BAF1000F9846DADA0024F0E7669AEE
:10B64000009F022A039BDDE9016852DC002A24DC0A
:10B650000FD1002034AAD41854F8041DF5F74CFA81
:10B6600034ABA342F8D1B8F1000F40F0AC80099B95
:10B67000186006F007005DB0BDE8F08F611E0CAAEF
:10B6800052F821200CA802F07F0240F82120B1E6F8
:10B6900008230A93002306933DE50025284634AA93
:10B6A000DDF8D0A0D41854F8041DF5F725FA34AB12
:10B6B000A342F8D105465046B8F1000F79D129468A
:10B6C000F5F718FA099B1D6067B1012554F8041FAE
:10B6D0000135F5F711FAAF42F8DAB8F1000F01D0F1
:10B6E00000F10040099B586006F007005DB0BDE81E
:10B6F000F08F669B032BBCD1002F00F09C8034ABF5
:10B7000003EB870BDA46BD0053F8274000955AF843
:10B71000045C20462946F5F7EFF9A1460446284681
:10B720002146F5F7E7F94946F5F7E6F934ABCAF8EB
:10B7300000004AF8044D5345E9D1012F009D7AD00D
:10B740005C591F1D5BF804AC20465146F5F7D4F94F
:10B75000A146044650462146F5F7CCF94946F5F78F
:10B76000CBF9CBF800004BF8044D5F45EAD100203F
:10B7700034AB2C1D1C4403F1080954F8041DF5F7E3
:10B78000BBF9A145F9D1349A359BB8F1000F1DD111
:10B7900009990A604B60886006F007005DB0BDE85B
:10B7A000F08F2046F5F78CFC0CAB4F4643F8290090
:10B7B000E3E6099A05F1004329461360F5F79AF983
:10B7C000002F82D18CE700F1004050E7099902F187
:10B7D000004203F1004300F100400A604B608860C2
:10B7E000DAE739464FF07E50F5F784F94FF002085A
:10B7F00007465EE5A8F1040302934FEA8C05D6E400
:10B80000669B022B13DC002B17DC7FF432AF002089
:10B81000B8F1000F3FF42BAFD5E703F07F030CA97D
:10B82000B8F1020F41F822307FF443AD4DE6669B3C
:10B83000032B7FF41EAF0020A5E73498B8F1000F6A
:10B8400004D04FF00043099A136049E70023099A96
:10B85000136047E744C7000810B50C4630F00041BC
:10B8600003461DD0B1F1FF4F1BD210F0FF4F02462F
:10B870001BD14FF09841F5F747FA204A034694420E
:10B880002CDBC0F3C75102464CF250308442A1F188
:10B89000190110DD18461A4961F31E00F5F734FA54
:10B8A00010BD0146F5F728F910BD4CF25030844226
:10B8B0004FEAD151EEDC2144FE29EBDC002911DCFA
:10B8C00011F1160F13DB01F1190022F0FF424FF0C6
:10B8D0004C5142EAC050F5F717FA10BD0949F5F787
:10B8E00013FA10BD22F0FF4242EAC15010BD1846C3
:10B8F000044961F31E00F5F707FA10BDB03CFFFFE5
:10B90000CAF249716042A20D2DE9F041C0F3C7555A
:10B910007F3D162D044620F0004717DC002D8046A1
:10B920001FDB194F2F41384213D01849F5F7E4F8BF
:10B930000021F5F7A5FB60B1002C03DA4FF40003FA
:10B940002B41984428EA0700BDE8F081B7F1FF4F8A
:10B9500002D22046BDE8F0810146F5F7CDF8BDE8FA
:10B96000F0810A49F5F7C8F80021F5F789FB0028AE
:10B97000EFD0002C01DB0020ECE717B94FF00040BE
:10B98000E8E70348E6E700BFFFFF7F00CAF249711E
:10B99000000080BFF8B500BFF8BC08BC9E467047E9
:0CB9A000F8B500BFF8BC08BC9E4670471C
:10B9B0000D0A3D3D3D3D3D3D3D3D3D3D3D3D3D3D1A
:10B9C0003D3D3D3D3D3D3D3D3D3D3D3D3D3D3D3DA7
:10B9D0003D3D3D3D3D3D3D3D3D3D0D00202055570C
:10B9E0004220496E646F6F72203344204C6F636154
:10B9F0006C697A6174696F6E202D2053544D333217
:10BA000046313033433854360D000000202028439F
:10BA1000562D454B462C2073657175656E746961B2
:10BA20006C2072616E6765207570646174652C208E
:10BA3000666978656420686569676874290D000027
:10BA40003D3D3D3D3D3D3D3D3D3D3D3D3D3D3D3D26
:10BA50003D3D3D3D3D3D3D3D3D3D3D3D3D3D3D3D16
:10BA60003D3D3D3D3D3D3D3D0D000000416E636867
:10BA70006F72733A2025640D0A00000020205325C0
:10BA8000643A202825642E253032642C2025642E2B
:10BA9000253032642C2025642E25303264290D0A8D
:10BAA00000000000475053206F726967696E3A20AA
:10BAB0006C61743D256C64206C6F6E3D256C642058
:10BAC000616C743D256C640D0A0000005761697457
:10BAD000696E6720666F72205557422064617461F9
:10BAE0002E2E2E0D0A0D00005B256C755D20783D15
:10BAF00025642E2530326420793D25642E25303290
:10BB000064207A3D25642E25303264202076783DED
:10BB100025642E253032642076793D25642E25302B
:10BB2000326420767A3D25642E25303264202066EA
:10BB300069783D256420616E633D25642068646FEB
:10BB4000703D25642E2530326420204750533A2022
:10BB5000256C642E2530376C642C256C642E2530C2
:10BB6000376C642C256C642E2530336C646D0D0AA3
:10BB70000000000020205B444941475D20454B46C2
:10BB8000206469766572676564202D3E2072657356
:10BB900065742023256C750D0A0000000D0A202015
:10BBA0004E4D45412066697273742073656E7465ED
:10BBB0006E6365732073656E743A0D00202020203B
:10BBC000257300002020202025730D0A0D0A000097
:10BBD00020205458204747413A2025730000000098
:10BBE0000D0A20203D3D3D2053544154532028351B
:10BBF0007329203D3D3D0D00202070617273653A30
:10BC0000206F6B3D256C75206572723D256C75202B
:10BC10007C20736F6C76653A206F6B3D256C7520C8
:10BC20006661696C3D256C750D0A000020206E6D03
:10BC300065615F73656E743A20256C75207C2064A5
:10BC40006D615F73746174653A2025640D0A0000AC
:10BC5000202075617274325F72783A20256C7520ED
:10BC60006279746573207C207061727365723A200A
:10BC70006F6B3D256C75206261643D256C750D0A06
:10BC80000000000020206861735F706F733A202508
:10BC900064207C2076616C69645F636E743A202551
:10BCA000640D0A0020206C6173745F7261773A2022
:10BCB0005B25735D0D0A00000D0000000000000010
:10BCC000030000000100000004000000020000006A
:10BCD0000500000025642E253031640025642E25E2
:10BCE0003032640025303364253032642E25303400
:10BCF000642C256300000000253032642530326456
:10BD00002E253034642C2563000000002530325885
:10BD10000D0A00004A616E00466562004D617200C6
:10BD2000417072004D6179004A756E004A756C0071
:10BD300041756700536570004F6374004E6F760065
:10BD40004465630025303264253032642530326426
:10BD5000000000004A756C20313720323032360046
:10BD60002447504747412C25732E30302C25732C07
:10BD700025732C25642C253032642C25732C2573D7
:10BD80002C4D2C302E302C4D2C2C2A002447505278
:10BD90004D432C25732E30302C25632C25732C25F8
:10BDA000732C25732C25732C25732C302E302C45A9
:10BDB0002C25632A000000002447505654472C25A8
:10BDC000732C542C302E302C4D2C25732C4E2C25BE
:10BDD000732C4B2C412A00002447504753412C41DF
:10BDE0002C332C30312C30322C30332C30342C305E
:10BDF000352C30362C2C2C2C2C2C2C25732C2573EC
:10BE00002C25732A000000002447504753412C4141
:10BE10002C312C2C2C2C2C2C2C2C2C2C2C2C2C3950
:10BE2000392E302C39392E302C39392E302A000059
:10BE30002E2E2F447269766572732F53544D333210
:10BE4000463178785F48414C5F4472697665722F5D
:10BE50005372632F73746D3332663178785F686123
:10BE60006C5F636F727465782E6300002E2E2F4412
:10BE70007269766572732F53544D33324631787838
:10BE80005F48414C5F4472697665722F5372632F2D
:10BE900073746D3332663178785F68616C5F646D9E
:10BEA000612E63002E2E2F447269766572732F53B4
:10BEB000544D3332463178785F48414C5F44726963
:10BEC0007665722F5372632F73746D3332663178D7
:10BED000785F68616C5F6770696F2E6300000000B7
:10BEE0002E2E2F447269766572732F53544D333260
:10BEF000463178785F48414C5F4472697665722FAD
:10BF00005372632F73746D3332663178785F686172
:10BF10006C5F7263632E63002E2E2F447269766508
:10BF200072732F53544D3332463178785F48414C09
:10BF30005F4472697665722F5372632F73746D3329
:10BF400032663178785F68616C5F756172742E63F8
:10BF50000000000000000000000000000000803F22
:10BF60000000A040000000000000C03F00000000F2
:10BF70000000A0400000C03F0000A0400000A04022
:10BF80000000803F000000000000000001020304E8
:10BF9000060708090000000001020304020304056B
:10BFA000060708090A0B0C0D0E0F101001022E00D7
:10BFB0006E6600696E69747900616E004300504FCF
:10BFC0005349580042616C6C6F63207375636365FD
:10BFD00065646564002F6275696C642F676E752DEA
:10BFE000746F6F6C732D666F722D73746D33325F67
:10BFF00031342E332E72656C312E32303235313081
:10C0000032372D303730302F7372632F6E65776C77
:10C0100069622F6E65776C69622F6C6962632F733A
:10C0200074646C69622F6764746F612D67657468EE
:10C0300065782E63005245454E54206D616C6C6FDF
:10C040006320737563636565646564002F62756959
:10C050006C642F676E752D746F6F6C732D666F72C5
:10C060002D73746D33325F31342E332E72656C3123
:10C070002E32303235313032372D303730302F7369
:10C0800072632F6E65776C69622F6E65776C69627B
:10C090002F6C6962632F7374646C69622F6D7072A8
:10C0A00065632E6300232D302B2000686C4C0065E7
:10C0B00066674546470030313233343536373839D4
:10C0C0004142434445460030313233343536373807
:10C0D00039616263646566002C2066756E637469FD
:10C0E0006F6E3A2000617373657274696F6E2022FF
:10C0F000257322206661696C65643A2066696C6507
:10C1000020222573222C206C696E652025642573FE
:10C1100025730A0034000000CEFBFFFFCB030000B4
:10C12000010000000000000035000000CEFBFFFF12
:10C13000CB03000001000000000000000000000030
:10C14000BC89D897B2D29C3C33A7A8D523F64939ED
:10C150003DA7F444FD0FA5329D978CCF08BA5B250F
:10C16000436FAC6428066811050000001900000048
:10C170007D000000000000000080E03779C34143EB
:10C18000176E05B5B5B89346F5F93FE9034F384D3D
:10C19000321D30F94877825A3CBF737FDD4F1575E9
:10C1A000000000000000F03F0000000000002440FC
:10C1B00000000000000059400000000000408F40D7
:10C1C000000000000088C34000000000006AF84042
:10C1D0000000000080842E4100000000D012634166
:10C1E0000000000084D797410000000065CDCD41DC
:10C1F000000000205FA00242000000E876483742BD
:10C20000000000A2941A6D42000040E59C30A2425A
:10C210000000901EC4BCD64200003426F56B0C43CF
:10C220000080E03779C3414300A0D8855734764376
:10C2300000C84E676DC1AB43003D9160E458E143D7
:10C24000408CB5781DAF154450EFE2D6E41A4B444C
:10C2500092D54D06CFF08044F64AE1C7022DB54491
:10C26000B49DD9794378EA44002020202020202062
:10C270002020282828282820202020202020202096
:10C2800020202020202020202088101010101010A6
:10C2900010101010101010101004040404040404F2
:10C2A000040404101010101010104141414141418C
:10C2B000010101010101010101010101010101016E
:10C2C000010101011010101010104242424242427E
:10C2D000020202020202020202020202020202023E
:10C2E00002020202101010102000000000000000E6
:10C2F000000000000000000000000000000000003E
:10C30000000000000000000000000000000000002D
:10C31000000000000000000000000000000000001D
:10C32000000000000000000000000000000000000D
:10C3300000000000000000000000000000000000FD
:10C3400000000000000000000000000000000000ED
:10C3500000000000000000000000000000000000DD
:10C360000000000000000000000000006042A20D7C
:10C370000000803F00000080DB0F4940DB0F49C018
:10C38000DB0F49BFE4CB1640E4CB16C0000FC93F1A
:10C39000000F494000CB9640000FC9400053FB40BE
:10C3A00000CB164100ED2F41000F494100316241A1
:10C3B00000537B41003A8A4100CB9641005CA34187
:10C3C00000EDAF41007EBC41000FC94100A0D54146
:10C3D0000031E24100C2EE410053FB4100F2034252
:10C3E000003A0A420083104200CB164200141D425C
:10C3F000005C234200A5294200ED2F420036364260
:10C40000007E3C4200C74242000F4942A2000000A9
:10C41000F9000000830000006E0000004E000000E4
:10C42000440000001500000029000000FC0000008E
:10C430002700000057000000D1000000F5000000B8
:10C4400034000000DD000000C0000000DB00000040
:10C450006200000095000000990000003C00000010
:10C46000430000009000000041000000FE000000BA
:10C470005100000063000000AB000000DE0000007F
:10C48000BB000000C500000061000000B700000014
:10C49000240000006E0000003A000000420000008E
:10C4A0004D000000D2000000E00000000600000087
:10C4B000490000002E000000EA0000000900000012
:10C4C000D1000000920000001C000000FE000000EF
:10C4D0001D000000EB0000001C000000B100000087
:10C4E00029000000A70000003E000000E800000056
:10C4F0008200000035000000F50000002E00000062
:10C50000BB0000004400000084000000E9000000BF
:10C510009C0000007000000026000000B400000035
:10C520005F0000007E0000004100000039000000B4
:10C5300091000000D60000003900000083000000D8
:10C540005300000039000000F40000009C000000CF
:10C55000840000005F0000008B000000BD000000B0
:10C56000F9000000280000003B0000001F00000050
:10C57000F800000097000000FF000000DE0000004F
:10C5800005000000980000000F000000EF00000010
:10C590002F000000110000008B0000005A00000076
:10C5A0000A0000006D0000001F0000006D00000088
:10C5B000360000007E000000CF00000027000000D1
:10C5C000CB00000009000000B70000004F00000091
:10C5D000460000003F000000660000009E000000D2
:10C5E0005F000000EA0000002D0000007500000060
:10C5F00027000000BA000000C7000000EB000000A8
:10C60000E5000000F10000007B0000003D0000009C
:10C610000700000039000000F70000008A00000059
:10C620005200000092000000EA0000006B000000D1
:10C63000FB0000005F000000B10000001F000000D0
:10C640008D0000005D0000000800000056000000A2
:10C65000030000003000000046000000FC00000065
:10C660007B0000006B000000AB000000F000000049
:10C67000CF000000BC000000200000009A00000075
:10C68000F4000000360000001D000000A9000000BA
:10C69000E300000091000000610000005E00000067
:10C6A000E60000001B00000008000000650000001C
:10C6B00099000000850000005F00000014000000E9
:10C6C000A000000068000000400000008D00000095
:10C6D000FF000000D8000000800000004D000000B6
:10C6E0007300000027000000310000000600000079
:10C6F000060000001500000056000000CA000000FF
:10C7000073000000A8000000C900000060000000E5
:10C71000E20000007B000000C00000008C00000070
:10C720006B0000006937AC3168212233B40F143339
:10C730006821A2333863ED3EDA0F493F5E987B3FB4
:10C74000DA0FC93F0000C93F0000F0390000DA37B6
:10C750000000A2330000842E0000502B0000C227EE
:10C760000000D0220000C41F0000C61B00004417B8
:0CC77000040000000700000009000000A9
:08C77C00D439FF7F0100000029
:04C784003501000873
:04C788001101000893
:10C78C00CDCCCC3F00127A0010000000010000005C
:10C79C0000000000030000001C0700204300000004
:10C7AC00000000000000000000000000000000007D
:10C7BC00000000000000000000000000430000002A
:10C7CC00000000000000000000000000000000005D
:10C7DC00000000000000000000000000430000000A
:10C7EC00000000000000000000000000000000003D
:10C7FC0000000000000000000000000043000000EA
:10C80C00000000000000000000000000000000001C
:10C81C0000000000000000000000000043000000C9
:10C82C0000000000000000000000000000000000FC
:10C83C0000000000000000000000000043000000A9
:10C84C0000000000000000000000000000000000DC
:10C85C000000000000000000000000004300000089
:10C86C0000000000000000000000000000000000BC
:10C87C00000000000000000000000000B599000856
:10C88C00259000080000000068C20008AEBF000838
:10C89C0013C1000813C1000813C1000813C100081C
:10C8AC0013C1000813C1000813C1000813C100080C
:10C8BC0013C10008FFFFFFFFFFFFFFFFFFFFFFFF9C
:10C8CC00FFFF0000010041534349490000000000F4
:10C8DC00000000000000000000000000000000004C
:10C8EC0000000000000041534349490000000000D3
:10C8FC00000000000000000000000000000000002C
:10C90C0000000000000000008C010020000000006E
:10C91C001C07002084070020EC070020000000000A
:10C92C0000000000000000000000000000000000FB
:10C93C0000000000000000000000000000000000EB
:10C94C0000000000000000000000000000000000DB
:08C95C000000000000000000D3
:04000005080049EDB9
:00000001FF
